Internal Reference,Product Name,Odoo Price,QB Price,Match Quality
0.1uf 100v,863-LV58063MC-AH Switching Voltage Regulator,24,4,100% (ItemAfterColon)
08-HPSG15-CS0,Main PCB Board #08-HPSG15-CS0,255,251,100% (MPN)
08-SB210U-AM0,POWER AMP BOARD BAR2...1 SUBWOOFER,25,75,100% (ItemAfterColon)
1-474-732-12,Sony 1-474-732-12 GL83 Power Supply/LED Drive Board,165,135,100% (MPN)
106532,"HDMI Extender Over Cat5e/Cat6 Cable, Upto 196-Feet with DDC and HDCP",35,135,100% (ItemAfterColon)
12-2C-EX+,12/2 EX Plus Speaker Cable in 1000' Box,0,1,100% (ItemAfterColon)
12GSDI-B-B-003,Laird 12GSDI-B-B-003 12G-SDI 4K UHD Video Coax BNC Cable - 3 Foot,45,35,100% (MPN)
12GSDI-B-B-006,Laird 12GSDI-B-B-006 12G-SDI 4K UHD Video Coax BNC Cable - 6 Foot,49.95,40.25,100% (MPN)
12GSDI-B-B-010,Laird 12GSDI-B-B-010 12G-SDI 4K UHD Video Coax BNC Cable - 10 Foot,59.95,47.25,100% (MPN)
14090,SURGE PROTECTOR 4 OUT 2 USB 450 JOULES,39,39.95,100% (ItemAfterColon)
1508-8HE BWX RPL BSKT 00560010,"Peavey 15"" Black Widow Basket",210,195,100% (ItemAfterColon)
16 C/T,JBL CONTROL 16C/T Two-Way 165 mm Co-axial Ceiling Loudspeaker - White,275,295,100% (MPN)
16/4SP-26-WH,4 Cond. 16awg Speaker Cable-White,0.75,0.9,100% (ItemAfterColon)
165BDL80007X/00,LCD 3x3 Video Wall,50823,59800,100% (MPN)
2114,3FT 24AWG Cat6 550MHz UTP Bare Copper Ethernet    Network Cable - Blue,3.5,426.3,100% (ItemAfterColon)
214-WT,CAT5E CAT6  4 PORT SURFACE MOUNT TELEPHONE WALL PLATE- WHITE - 1 CAT5E CAT6  4 PORT SURFACE MOUNT TELEPHONE WALL PLATE- WHITE - 1 EA/BAG....,6,7.95,100% (MPN)
2200-86270-034,"POLY STUDIO X50 & POLY TC8 4K Video Conf/Collab/Wireless Pres Sys:Touch Cntrl,4K 5x EPTZ auto-track 120-deg FOV Cam,Codec,Stereo Spkrphone,Wall Mount;2 HDMI 1.83m,1 CAT5E LAN 4.57m;NTSC/PAL;Pwr:MEX and CARIB-Type B,NEMA 5-15.Includes 1YR Premier Srvc.",4825,4425,100% (MPN)
2215-86418-001,Poly Studio X50 Optional Vesa Mounting Kit. Compatible with the Studio X50.,345,335,100% (MPN)
222-3GHZ,2-WAY 3 GHZ Splitter,0,4.5,100% (MPN)
23681050360AS,DEN-23681050360AS IC MN864787 AVRX7200WA,60,95,100% (ItemAfterColon)
23681050460AS,Denon IC MN864788 AVRX7200WA,70,75,100% (ItemAfterColon)
26-663-06,Extron Ultra/6 4k Premium High Speed HDMI Ultra-Flexible Cable 6',0,96,100% (MPN)
285104-101,CineMate home theater system - Universal Remote,85,55,100% (MPN)
288579-311,Bose 321 GSX III Remote Control,55,60,100% (ItemAfterColon)
294925,Hisense Main Board/Power Supply 294925 294926 for 43A6G,92,90,100% (ItemAfterColon)
300289,Ceiling Closure Panel Lift Accessories for Draper Aerolift 300321,1400,1525,100% (MPN)
30418279,18V CMOS 555 TIMER SMD,4,5,100% (ItemAfterColon)
31R1-002WH,"3/4 inch Surface Mount Cable Raceway, White, Joint Cover, Tracking, Cable Cover",4.5,6,100% (ItemAfterColon)
31R2-002WH,"1.25 inch Surface Mount Cable Raceway, White, Joint Cover, Tracking, Cable Cover",4.95,6,100% (ItemAfterColon)
31R3-000WH,"1.75 inch Surface Mount Cable Raceway, White, Straight 6foot Section, Tracking, Cable Cover",59,60,100% (ItemAfterColon)
32A4H,"Hisense 32"" 720P Android Smart TV",325,295,100% (ItemAfterColon)
3.301E+11,Yealink VCS-TV Mount2 Mounting Kit,205,220,100% (ItemAfterColon)
344761-0030,Bose Wave Soundtouch Remote (White),25,29.95,100% (ItemAfterColon)
363858-001,"M/I, 2414H-1 Replacement tweeter for the Eon series speakers",78,119,100% (MPN)
363858-001,"M/I, 2414H-1 JBL",78,119,100% (MPN)
363858-001X,"JBL 363858-001X 2414H-1 HF Driver for EON210P, EON305, EON315",60,119,100% (ItemAfterColon)
43A6KV,"Hisense 43A6KV 43"" 4K Google Smart TV",395,450,100% (ItemAfterColon)
43NANO75,"LG 43"" 4K Smart TV",695,650,100% (ItemAfterColon)
43QNED75,***DISPLAY MODEL*** LG 43QNED75 43-Inch Mini-LED Smart TV,600,750,100% (ItemAfterColon)
43UR9000,"43"" 4K HDR10 Pro Smart LED TV",775,725,100% (ItemAfterColon)
4K400X,4K400X,2695,3875,100% (MPN)
5-RS18,Middle Atlantic 5-RS18 Low-Friction Runner Kit,65,0,100% (MPN)
500012-6,6FT 3.5MM to XLR M to M Cable,16.5,24,100% (MPN)
500302,2 WAY SPLITTER,2.5,145,100% (MPN)
5020337X,"JBL 5020337X 2408H-2 HF Driver for PRX812W & PRX815W AC195, AC266, AC299",70,135,100% (ItemAfterColon)
50A6H,"Hisense 50"" 4K Smart LED TV",675,555,100% (ItemAfterColon)
50U6H,"Hisense Quantum 50"" 4K LED Google TV",695,595,100% (ItemAfterColon)
55A6H,"Hisense 55"" 4K Smart LED TV",625,695,100% (ItemAfterColon)
55U6K,"Hisense 55U6K 55"" 4K Android Smart TV",645,795,100% (ItemAfterColon)
55U8H,"Hisense Quantum 55"" ULED Google TV",795,895,100% (ItemAfterColon)
55UR640S,"55"" Commercial, UHD TV Signage, Brightness(Typ.) : 400 nits, Resolution : ULTRA HD (3,840 x 2,160), Improved ,Design with Slim Depth, webOS-based High Performance",1095,1625,100% (MPN)
55UR9000,"55"" Class UR9000 Series LED 4K UHD Smart webOS TV",995,925,100% (ItemAfterColon)
55US670H0UA,"55"" US670H Series UHD Commercial TV",0,1095,100% (MPN)
58.43T16.001,Samsung 58.43T16.001 (LBM430M0801-DM-3(0)) LED Backlight Strips,60,100,100% (ItemAfterColon)
65A6H,"Hisense 65A6H 65"" 4K Google Smart TV",850,799,100% (ItemAfterColon)
65U6K,"Hisense 65U6K 65"" 4K Android Smart TV",875,995,100% (ItemAfterColon)
65UH7F,"65"" 3840 x 2160 UHD LED Backlit LCD Large Format Monitor, Black   24/7",2650,2195,100% (ItemAfterColon)
65UL3J-E,"webOS UHD Signage, Brightness(Typ.) : 400 nits. Resolution : ULTRA HD (3,840 x 2,160), webOS-based High Performance, Built-in Speaker",0,1795,100% (MPN)
65UQ7570,"LG 65"" 4K Smart LED TV",995,925,100% (ItemAfterColon)
65UR9000,"65"" Class UR9000 Series 4K UHD Smart LED TV",1351,1195,100% (ItemAfterColon)
65UT7570,LG 65-Inch Class UT75 Series LED Smart TV,780,975,100% (ItemAfterColon)
6871L-5027H,6871L-5027H 6871L-5336A LG T-Con Board,50,100,100% (ItemAfterColon)
6871L-5496A,LG 6871L-5496A (6870C-0750B) T-Con Board,50,100,100% (ItemAfterColon)
6916L-1944A/6916L-1945A,LG 6916L-1944A/6916L-1945A LED Backlight Strips (10),90,80,100% (ItemAfterColon)
6916L-2305A/6916L-2306A,LG 6916L-2305A/6916L-2306A LED Backlight Strips/Bars,120,110,100% (ItemAfterColon)
700504897,IPO IP500 V2 COMBO CARD ATM4 V2 TAA,465,385,100% (MPN)
7200-23490-001,"Power Kit for RealPresence Trio 8800 and Trio Visual+. Incl. 100-240V, 0.8A, 55V/36W, IEEE 802.3at compliant mid-span power injector for 10/100/1000 Mbps Ethernet. Ships with 2.7m/9ft power cord with NA plug and 2.1m/7ft Ethernet cable.",210,145,100% (MPN)
7200-87300-001,Poly Studio X70 with TC8,0,10250,100% (MPN)
7200-88155-034,Poly Studio X70 All-In-One Video Bar,0,13650,100% (MPN)
7230-87720-034,"7230-87720-034 Poly Large Room Kit includes: Poly E70 camera, GC8 touch controller, Cable 10m USB3.1 A to C, 2 * Pwr cord Type B, NEMA 5-15.",5750,6550,100% (MPN)
75U8N,"Hisense 75U8N Mini-LED 75"" 144Hz 4K Google Smart TV",1295,2495,100% (ItemAfterColon)
75UL3J-E,"webOS UHD Signage, Brightness(Typ.) : 330 nits, Resolution : ULTRA HD (3,840 x 2,160), webOS-based High Performance..Built-in Speaker",0,2695,100% (MPN)
75UQ7590,"LG 75UQ7590 75"" 4K Smart TV",1229,1395,100% (ItemAfterColon)
75UR640S,"75"" Commercial, UHD TV Signage, Brightness(Typ.) : 400 nits, Resolution : ULTRA HD (3,840 x 2,160), Improved ,Design with Slim Depth, webOS-based High Performance",2125,2800,100% (MPN)
75UR770HLA,75UR770HLA,2095,2495,100% (MPN)
760858-0010,Bose QC35 Replacement Cushion Kit (Black),49.95,55,100% (MPN)
820,TERMINATION/CUTTING TOOL FOR 900  KEYSTONE JACKS,80,115,100% (MPN)
834167-0100,"Bose KIT,EAR CUSHION,SCRIM,HP 700,BLACK",49,55,100% (ItemAfterColon)
86UR640S,"86"" Commercial, UHD TV Signage, Brightness(Typ.) : 400 nits, Resolution : ULTRA HD (3,840 x 2,160), Improved ,Design with Slim Depth, webOS-based High Performance",2995,4075,100% (MPN)
875M6AA,Poly Table Expansion Microphone,350,275,100% (MPN)
9-Volt,9-Volt Battery,5.95,6.75,100% (ItemAfterColon)
910-151-001-01,"LS6CT speakers, includes two 6"" ceiling speakers with 8 ohm or 70/100V taps and tile bridge",265,379,100% (ItemAfterColon)
910-3200-001,"CONVERGE Pro 2 DSP Mixer with 12 mic/line inputs (AEC), 8 mic/line outputs and built-in USB audio",4815,5495,100% (ItemAfterColon)
910-3200-208-U,"Beamforming Mic, BMA with 4 x 15 Watt Power Amplifiers",5195,4895,100% (MPN)
910-3200-209,"90W W PoE Power supply and (B) Qty 2 of 25 Ft CAT6 Cables for BMA2, BMA CT, BMA 360 and Converge Huddle. One PoE Power supply can power up to three peripheral devices. When used to power BMA 360, can support up to four 8-Ohm",335,350,100% (ItemAfterColon)
910-6000-800,8-bay docking (charging) station for recharging transmitters,420,335,100% (MPN)
910-6004-010,Lavalier Omni Microphone for Beltpack,110,125,100% (MPN)
910-6105-021,"Di-pole Antenna extension kit with pair of 25 Ft RG8 Plenum cables tuned for 2.4 GHz RF band, includes pair of mounting brackets",630,555,100% (MPN)
930-3200-401-1, CONVERGE PA 460 Amplifier unit + Qty 1 Rack Mounting Kit,985,1425,100% (MPN)
939-001644,RALLY MNT KIT FOR SYST MNT KIT FOR RALLY,190,189,100% (MPN)
939-001647,Rally Mic Pod Hub,295,425,100% (MPN)
939-001799,10m Strong USB 3.1 Cable,395,410,100% (MPN)
939-001799,"Logitech 939-001799 10M Strong USB 3.1 Cable, Tap, Rally Camera & Meetup",375,410,100% (MPN)
939-001802,"Logitech 939-001802 25M Strong USB 3.1 Cable, Tap, Rally Camera & Meetup",975,1125,100% (MPN)
939-001805,LA 45M STRONG USB 3.1.CABLE NEWCABL LONGER STRONGER USB CONNECTOR MP2,1450,1560,100% (MPN)
939-001950,LOGITECH TAP WITH CAT5E KIT,1425,1575,100% (MPN)
940-1.6B,"0.5M/1.6 FT - ULTRA SLIM 4K ULTRA HD HDMI CABLE- HIGH SPEED w/ETHERNET- ULTRA SLIM CABLE/CONNECTOR, 4K@60 2160p, 18 Gbps, HDR, HDCP 2.2, PVC JKT- BLACK",9,18.95,100% (MPN)
940-13B,"13FT/ 4M- ULTRA SLIM 4K ULTRA HD HDMI CABLE- HIGH SPEED w/ETHERNET- ULTRA SLIM CABLE/CONNECTOR, 4K@60 2160p, 18 Gbps, HDR, HDCP 2.2, CL2 PVC JKT- BLACK",24,85,100% (MPN)
940-3B,"1M/3.3FT - ULTRA SLIM 4K ULTRA HD HDMI CABLE- HIGH SPEED w/ETHERNET- ULTRA SLIM CABLE/CONNECTOR, 4K@60 2160p, 18 Gbps, HDR, HDCP 2.2, CL2 PVC JKT- BLACK",10,20.95,100% (MPN)
940-6B,"2M/6.5FT - ULTRA SLIM 4K ULTRA HD HDMI CABLE- HIGH SPEED w/ETHERNET- ULTRA SLIM CABLE/CONNECTOR, 4K@60 2160p, 18 Gbps, HDR, HDCP 2.2, CL2 PVC JKT- BLACK",12,24,100% (MPN)
940-8B,"2.5M/8.2FT - ULTRA SLIM 4K ULTRA HD HDMI CABLE- HIGH SPEED w/ETHERNET- ULTRA SLIM CABLE/CONNECTOR, 4K@60 2160p, 18 Gbps, HDR, HDCP 2.2, CL2 PVC JKT- BLACK",15,28.95,100% (MPN)
950-000005,Logitech 10m Extender Cable for Meetup Expansion Microphone,225,195,100% (MPN)
950-000081,Logitech Roommate COLLABOS APPLIANCE FOR SUPPORTED CONFERENCE CAMERAS AND ROOM SOLUTION PERIPHERALS,1595,1650,100% (MPN)
952-000009,Swytch Connect a laptop to a room system’s AV equipment for use with any video meeting or webinar.,1295,1445,100% (MPN)
952-000038,Rally Mic Pod (White),505,499,100% (MPN)
952-000038,Rally Mic Pod White,495,499,100% (MPN)
952-000041,Logitech VC TV Mount for Video Rally Bars,325,275,100% (MPN)
952-000047,Logitech 952-000047 Rally Mic Pod Extension Cable 10M,291,285,100% (MPN)
952-000094,LA TAP SCHEDULER WHITE CPNT,1095,1135,100% (MPN)
960-001101,LogitechVC MeetUp 4K,1185,1195,100% (MPN)
960-001101,MeetUp All-in-one conferencecam with an ultra-wide lens for small rooms,1295,1195,100% (MPN)
960-001217,Logitech Rally UHD 4K Conference Camera System with Speaker and Mic Pod Set,2880,3095,100% (MPN)
960-001226,960-001226 RALLY CAMERA Premium PTZ camera with Ultra-HD imaging system and ..automatic camera control,0,1775,100% (MPN)
960-001308,"Rally Bar, Graphite - Rally Bar, Graphite, Video Bar, 4K, 15x zoom, PTZ, all-in-one design for sm/med rooms. Includes: Rally Bar w/stand, power supply, AC power cord, HDMI cable (2m/6.5ft), USB cable (2.2m/7/2ft), BT remote control, lens caps 2-yr limi...",5995,5550,100% (MPN)
960-001336,960-001336 Rally Bar Mini All-in-One Video Conferencing Solution (Graphite),4270,4395,100% (MPN)
960-001348,"Rally Bar Mini, White - Rally Bar Mini, white, Video Bar, 4K, 4x zoom, PTZ, all-in-one design from huddle/sm. rooms.  Includes: Rally Bar Mini w/stand, power supply, AC power cord, HDMI cable (2m/6.5ft), USB cable (2.2m/7/2ft), BT remote control, lens ...",4650,3850,100% (MPN)
960-001510,LA WEBCAM-SIGHT-GRAPHITE-USB PERP,3175,3225,100% (MPN)
993-001904,Camera Mount for Rally 4K PTZ Conferencing Camera,140,0,100% (MPN)
993-001951,Logitech Rally DISPLAY HUB USB-N/A-EMEA29-953,880,835,100% (MPN)
993-001952,Logitech Rally TABLE HUB USB-N/A-EMEA29-953,850,810,100% (MPN)
9AD-DP1.4,"DISPLAYPORT 1.4 to HDMI 2.0b ADAPTER DONGLE- MALE DP TO FEMALE HDMI TYPE A - 150MM/6INCHES, SUPPORTS 4K@60Hz HDR",49.95,59.95,100% (MPN)
9AD-USBTYPEC,"USB TYPE-C to HDMI 2.0b ADAPTER DONGLE- MALE USB TYPE-C TO FEMALE HDMI TYPE A - 150MM/6INCHES, SUPPORTS 4K@60Hz HDR-",55,56,100% (MPN)
A-2197-358-A,Sony A-2197-358-A A2198752A HIR Circuit Board,150,40,100% (ItemAfterColon)
A168WA-1WCH,Casio Metal Band Illuminator Water Resist Digital Watch,35,45,100% (ItemAfterColon)
A2165797A,"A2165797A, A-2165-797-A Sony Main Board,..A2165796A, 173633712, 1-981-326-12,..A2165769A, XBR-55X800E, XBR-49X800E,..XBR-43X800E",160,225,100% (ItemAfterColon)
A300.2,Voltera A300.2 Two-channel 300watt analog amp,1170,1215,100% (MPN)
A300.4,"Voltera A 300.4 Four-channel, 300-watt analog amplifier",1310,1575,100% (MPN)
A600.4,"Voltera A 600.4 Four-channel, 600-watt analog amplifier",1715,2060,100% (MPN)
AA-2,AA Batteries 2-PK,3.75,4.5,100% (ItemAfterColon)
AAA-4,AAA Batteries 4-PK,6.75,7.95,100% (ItemAfterColon)
ABE112591-0001,ABE112591-0001 SUB AMP PCBA BAR5.1,129,150,100% (ItemAfterColon)
AC-EX70-UHD,4K HDMI 2.0 Extender With HDCP 2.2,450,0,100% (ItemAfterColon)
AD-16X,AD-16x Audio Matrix Switch,4150,3250,100% (MPN)
AD-4x,AD-4x Audio Distribution System,1160,1295,100% (ItemAfterColon)
AD-8X,AD-8x Audio Distribution System,2350,2595,100% (ItemAfterColon)
AH18100R,RCA 100ft 18AWG Speaker Wire Roll,14.95,19.95,100% (ItemAfterColon)
AH202DR,Y 1- 3.5 M - 2- 3.5 F CABLE,4,9.95,100% (ItemAfterColon)
AH203R,3.5 M - 1/4 F ADAPTER PLUG,3,8.95,100% (ItemAfterColon)
AH205R,3'    3.5mm to 2 RCA Plugs Y-Adapter,5.95,12.95,100% (ItemAfterColon)
AH59-02533A,Samsung Surround Sound Remote Control,25,29,100% (ItemAfterColon)
AIR 192/4,"M-Audio AIR 192|4 USB Audio Interface. 2-in/2-out USB Interface with 24-bit/192kHz  resolution, Direct Monitoring, XLR/TRS Input, TS Input, Central Monitor Knob, +48V Phantom Power, and Software Suite - Mac/Windows",175,195,100% (ItemAfterColon)
AKB73975702,R/C FOR LG SMART TVS,35,30,100% (ItemAfterColon)
AMP-SIP-2570,SIP Paging Amp 25v/70v,2125,0,100% (MPN)
AMPLIFI-INSTANT-ROUTER,"AmpliFi Instant Router features an easy-to-use touchscreen display, one Gigabit Ethernet port, a WAN port, and an Ethernet cable. T",0,185,100% (MPN)
AMV-340,AMV-340 Single Channel 70V/100V Mixer Amplifier – 40W,350,369,100% (MPN)
AN-210-SW-F-16-POE,16 Port Araknis Networks® 210 Series Websmart Gigabit Switch with Partial PoE+ and Rear Ports,850,915,100% (MPN)
AN-210-SW-F-8-POE,Araknis Networks® 210 Series Websmart Gigabit Switch with Partial PoE+ | 8 + 2 Front Ports,510,550,100% (ItemAfterColon)
AN-220-SW-F-24-POE,Araknis Networks® 220 Series Layer 2 Managed Gigabit Switch,1225,1230,100% (MPN)
AN-220-SW-F-8-POE,Araknis Networks® 220 Series Layer 2 Managed Gigabit Switch,550,560,100% (MPN)
ANT310,Antenna,45,36.95,100% (ItemAfterColon)
APFWP1,"1” Thickness Fabric Wrapped Fiberglass panels constructed..with 6-7lb density fiberglass core, FULL BEVEL resin hardened..edges and Guilford Anchorage Fabric Facing, Color: TBD.",5396,0,100% (MPN)
APFWP1,TBD.,5396,0,100% (MPN)
APPM14896W712,1” thick Poly Max panels..7.5 lb density - Color: White,8790,9.5,100% (MPN)
APXT2EW (Natural),Yamaha APXT2EW Grained Rosewood Top 3/4-Size Thinline Acoustic Electric Guitar,459,469,100% (ItemAfterColon)
AQS810W-1A,Casio Solar Sport Combo BLK Watch,75,89,100% (ItemAfterColon)
AQS810WC-4A,Casio Red Solar Analog Digital World Time Sports Watch,75,89,100% (ItemAfterColon)
AS-P-104,"Metra 4-Outlet Surge Protector - 1.5' Power Cord, 300 Joules",12.95,16.95,100% (ItemAfterColon)
ASTSA29,GREENchoice™ Panel & Subfloor Adhesive 29 oz,20,25,100% (MPN)
AT306,Bello Audio/Video Tower Wood-Glass,425,435,100% (ItemAfterColon)
ATHM50X,Audio Technica Closed Back Professional Headphones,225,235,100% (ItemAfterColon)
AUDIOBOX USB 96,Presonus 2x2 USB 2.0 Audio Interface..1 USB 2.0 port..2 combo XLR/¼” mic/instrument inputs..2 balanced ¼” main (L/R) line outputs..1 stereo ¼” headphone output..MIDI in/out,175,185,100% (ItemAfterColon)
AUDITION,"Peavey Audition® Guitar Combo Amp w/ 4"" Driver",129,135,100% (ItemAfterColon)
AVJ42KB,Luxor AVJ42KB Steel Adjustable A/V Cart with Pull-Out Keyboard Tray,595,395,100% (ItemAfterColon)
AVRX2800H,Denon 7.2 Channel 8K Receiver - Up to 95W/Channel,1395,1295,100% (ItemAfterColon)
AX3000,TP-Link Deco AX3000 PoE Mesh WiFi,458,350,100% (ItemAfterColon)
Ace Black G1,Sonos Ace Noise Cancelling Headphones (Black),562.5,625,100% (ItemAfterColon)
Ace White G1,Sonos Ace Noise Cancelling Headphones (White),562.5,625,100% (ItemAfterColon)
Atlantic,"51"" Wave DVD Tower",65,0,100% (ItemAfterColon)
AxV80-BC,LEON AXIS AXV80 IN-CEILING SPEAKERS,0,895,100% (MPN)
B-260-ARC,Binary Audio Return Extender for HDMI ARC and S/PDIF,245,255,100% (MPN)
B-900-MOIP-4K-RX-2AC,Binary™ 900 Series 4K Media over IP Receivers with Audio Downmixing,885,1295,100% (MPN)
B400S,4 Zone Network Music Player - 1U,2230,2685,100% (MPN)
BB-T,Kala Tenor Ukulele Bundle Bag,20,22,100% (ItemAfterColon)
BEAM-WHITE,Sonos Beam with Amazon Alexa- WHITE,589,495,100% (MPN)
BG5025,Norelco Cordless Bodygroomer w/ 60-Minute Use,69,79,100% (ItemAfterColon)
BG7030,Norelco Bodygroomer WET/DRY Dual Side Design Trimmer/Shaver,110,115,100% (ItemAfterColon)
BN39-02470A,Samsung One Connect Cable for One Connect Box,100,185,100% (ItemAfterColon)
BN44-00514A,Samsung DC VSS-POWER BOARD,300,125,100% (ItemAfterColon)
BN44-00612B,IP BOARD,137,100,100% (ItemAfterColon)
BN44-00626A,"Samsung Power Supply,..L60X1Q_DDY, UN60F6100AFXZA,..UN60F6400AFXZA, UN60F6400AFXZC",135,125,100% (ItemAfterColon)
BN44-00629A,Samsung DC VSS-PD BOARD,350,175,100% (ItemAfterColon)
BN44-00630A,Samsung Power Supply,159,150,100% (ItemAfterColon)
BN44-00664A,Samsung BN44-00664A (L32G0-DDY) Power Supply / LED Board,75,65,100% (ItemAfterColon)
BN44-00695A,amsung BN44-00695A Power Supply / LED Board for UN28H4000/UN28H4500,50,35,100% (ItemAfterColon)
BN44-00704A,Samsung Power Supply/ LED Board,100,75,100% (ItemAfterColon)
BN44-00715A,Samsung DC VSS-LED TV PD BD,120,110,100% (ItemAfterColon)
BN44-00716A,IP BOARD,135,175,100% (ItemAfterColon)
BN44-00717A,"Samsung BN44-00717A Samsung Power Supply, L65G2Q_EHS, UN65H7150AFXZA,..UN65H7100AFXZA, HG65NCXFXZA",215,125,100% (ItemAfterColon)
BN44-00723A,"BN44-00723A Samsung Power Supply,..L75S1_EHS, UN75H6300AFXZA,..UN75H6350AFXZA",145,125,100% (ItemAfterColon)
BN44-00725A,Samsung TV Module,250,185,100% (ItemAfterColon)
BN44-00741A,"Samsung Power Supply,..L65G4P_ESM, PSLF311G06A,..UN65HU8500FXZA, UN65HU8550FXZA",150,125,100% (ItemAfterColon)
BN44-00757A,"Samsung Power Supply, L48G0B_ESM, PSLF970G06A,..UN48H4005AFXZA",75,50,100% (ItemAfterColon)
BN44-00769C,Samsung Power Supply/LED Board,35,50,100% (ItemAfterColon)
BN44-00772A,Samsung Power Supply/LED Board,85,130,100% (ItemAfterColon)
BN44-00774A,Samsung Power Supply/LED Board UN55J6200/6201,135,140,100% (ItemAfterColon)
BN44-00775A,Samsung BN44-00775A Power Supply (SEE NOTE RE: LED STRIPS),100,200,100% (ItemAfterColon)
BN44-00776A,Samsung DC VSS-PD BOARD,225,170,100% (ItemAfterColon)
BN44-00807K,Samsung BN44-00807K Power Supply / LED Board,75,130,100% (ItemAfterColon)
BN44-00808D,"Samsung Power Supply BN44-00808D PSLF261S07A, L65S6N_FSM,..UN65KU6300FXZA, UN65KU630DFXZA, UN65K650DFXZA,..UN60KU6300FXZA, UN65KU6500FXZA",110,175,100% (ItemAfterColon)
BN44-00808E,Samsung Power Supply / LED Board,120,125,100% (ItemAfterColon)
BN44-00813A,Samsung Power Supply UN75JU7100/JU7500/JU750D,185,225,100% (ItemAfterColon)
BN44-00856A,Samsung Power Supply / LED Board,75,50,100% (ItemAfterColon)
BN44-00873C,IP PCB UN65MU6290,185,200,100% (ItemAfterColon)
BN44-00874E,"Samsung Power Supply Board QN75Q60RAFXZA, QN75Q60RAFXZC, UN75RU8000FXZA, UN75RU800DFXZA, UN75NU8000FXZC, QN75Q6DRAFXZA, UN75NU8000FXZX, UN75NU8000GXPE",100,250,100% (ItemAfterColon)
BN44-00878A,Samsung BN44-00878A Power Supply / LED Board,150,100,100% (ItemAfterColon)
BN44-00932B,Power Supply / LED Board,122,125,100% (ItemAfterColon)
BN44-00932C,Samsung Power Supply / LED Board,75,125,100% (ItemAfterColon)
BN44-00983C,Samsung Power Supply QN75Q70R/Q7D/Q70R,150,200,100% (ItemAfterColon)
BN44-01047C,Samsung LED Driver Board,30,115,100% (ItemAfterColon)
BN44-01047D,Samsung LED Driver,40,100,100% (ItemAfterColon)
BN44-01055A,Samsung BN44-01055A Power Supply / LED Board (BN44-01055A),75,115,100% (ItemAfterColon)
BN44-01110C,Samsung Power Supply / LED Board for UN50TU7000BXZA,75,115,100% (ItemAfterColon)
BN44-01114B,Samsung BN44-01114B Power Supply / LED Board for QN55QN90AAFXZA,125,150,100% (ItemAfterColon)
BN59-01180A,Samsung Replacement Remote Control,25,65,100% (ItemAfterColon)
BN59-01196C,Samsung BN59-01196C Wi-Fi Module,25,20,100% (ItemAfterColon)
BN59-01332A,Samsung Wi-Fi Board,25,65,100% (ItemAfterColon)
BN59-01355A,Samsung Wi-Fi and Bluetooth Wireless Module,20,25,100% (ItemAfterColon)
BN59-01357A,Samsung Solar Cell Charging Voice Smart Remote Control,95,85,100% (ItemAfterColon)
BN59-01357F,Samsung Solar One Remote,55,85,100% (ItemAfterColon)
BN59-01363A,Samsung BN59-01363A Smart Remote Control -- Brand New OEM for AU8000FXZA,40,55,100% (ItemAfterColon)
BN81-20126A,Samsung BN81-20126A Main Board/Power Supply for UN32M4500BFXZA (Version VG07),65,90,100% (ItemAfterColon)
BN94-04354A,"BN94-04354A Samsung Main Board, BN41-01590A, BN97-05172A, PN51D550C1FXZA",80,60,100% (ItemAfterColon)
BN94-05656A,"BN94-05656A Samsung TV Module, mainboard, BN41-01812A, BN97-06430L,UN46ES6100FXZA, UN46ES6100FXZP",100,120,100% (ItemAfterColon)
BN94-05683M,"	BN94-05683M Samsung Main Board, BN41-01812A, E88441, UN60ES6100FXZA, UN60ES6100FXZA HH01",135,125,100% (ItemAfterColon)
BN94-06167E,Samsung Main Board for UN55F6300AFXZA (Version TH01),150,100,100% (ItemAfterColon)
BN94-06167G,MAIN BOARD,172,115,100% (ItemAfterColon)
BN94-06175C,"Samsung TV Module, main..board, BN97-07024A, BN41-01958A,..UN46F5500AFXZA",135,125,100% (ItemAfterColon)
BN94-06195C,"Samsung BN94-06195C (BN97-..06475W, BN41-01963C) Main Board",110,125,100% (ItemAfterColon)
BN94-06218D,"Samsung Main Board, BN97-07157A, BN41-01959A, UN65F8000BFXZA,UN65F8000BFXZA TS01",180,250,100% (ItemAfterColon)
BN94-06606A,MAIN BOARD,1,200,100% (ItemAfterColon)
BN94-06739B,Samsung BN94-06739B Main Board..for UN40F6300AFXZA,165,125,100% (ItemAfterColon)
BN94-07226A,MAIN PCB,136,25,100% (ItemAfterColon)
BN94-07259D,"BN94-07259D Samsung Main Board, BN41-02157B, BN97-08043A, UN50H6350AFXZA, UN55H6350AFXZA, UN50H6350AFXZA AH01",135,100,100% (ItemAfterColon)
BN94-07259E,SANSUNG UN55H6350 MAIN BOARD,150,125,100% (ItemAfterColon)
BN94-07301A,Samsung BN94-07301A Main Board,125,80,100% (ItemAfterColon)
BN94-07345D,"Samsung BN9407345D, MAIN PCB ASSEMBLY",225,125,100% (ItemAfterColon)
BN94-07581R,Samsung BN94-07581R Main Board for UN40HU6950FXZA,135,115,100% (ItemAfterColon)
BN94-07727C,Samsung BN94-07727C for UN50H6203AFXZA,125,110,100% (ItemAfterColon)
BN94-07727D,Samsung BN94-07727D Main Board for UN55H6203AFXZA (Version US01),115,125,100% (ItemAfterColon)
BN94-08061B,Samsung ASSY PCB MAIN;UH7S,195,125,100% (ItemAfterColon)
BN94-09130A,Samsung BN94-09130A Main Board for UN60J620DAFXZA (Version NS02),100,90,100% (ItemAfterColon)
BN94-09536M,Samsung Main Board for UN40J5200AFXZA..(JH02 / IH01),50,110,100% (ItemAfterColon)
BN94-09886A,Samsung Main Board for UN55J6300AFXZA,105,90,100% (ItemAfterColon)
BN94-10240A,Main Board for UN48JU6400FXZA (Version UD02)/ KIT PRICE,140,75,100% (ItemAfterColon)
BN94-10803A,"BN94-10803A Samsung Main Board BN97-..10649E, BN41-02528A, BN9410803A,..UN65KU6300F, UN65KU6300FXZA",165,150,100% (ItemAfterColon)
BN94-10961N,"BN94-10961N Samsung Main Board, TV Module, BN97-10623W, BN41-..02504A, BN9410961N, UN55KS8000FXZA, UN55KS8000FXZC,..UN55KS8000FXZA AA02",200,150,100% (ItemAfterColon)
BN94-11488F,"BN94-11488F Samsung Main Board, BN97-..12397E, BN41-02572A, QN55Q7CAMFXZA,..QN55Q7CDMFXZA, QN55Q8CAMFXZA",165,125,100% (ItemAfterColon)
BN94-11975B,MAIN BOARD,1,175,100% (ItemAfterColon)
BN94-12049B,"BN94-12049B Samsung Main Board, BN41-02574A, UN40M5300AF",166,115,100% (ItemAfterColon)
BN94-12089A,Samsung BN94-12089A Main Board for UN65LS003AFXZA,175,150,100% (ItemAfterColon)
BN94-12397N,Samsung Main Control Board,215,250,100% (ItemAfterColon)
BN94-12484U,Samsung Main Board for UN55MU6100FXZA..,315,180,100% (ItemAfterColon)
BN94-12801B,Main Board for UN50NU7100FXZA (Version AA02),90,75,100% (ItemAfterColon)
BN94-12925A,Samsung Main Board for UN49NU8000FXZA (All versions),125,80,100% (ItemAfterColon)
BN94-13065G,Samsung Main Board for UN58NU710DFXZA UN58NU7100FXZA,175,125,100% (ItemAfterColon)
BN94-13208A,"BN94-13208A Samsung Main Board,..BN97-14043B, BN41-02635A,..UN75NU7100FXZA, UN75NU7100FXZC,..UN75NU7200FXZA, UN75NU7100FXZX",295,200,100% (ItemAfterColon)
BN94-13273P,"BN94-13273P Samsung Main Board, BN97-..14779R, BN41-02635B, UN50NU7100FXZA",125,90,100% (ItemAfterColon)
BN94-13567H,Samsung BN94-13567H Main Board for UN32J4000EFXZA (,46,60,100% (ItemAfterColon)
BN94-14004C,"BN94-14004C Samsung Main Board, BN97-15506A, BN41-02695A,UN55RU8000FXZC, UN55RU8000FXZA,UN55RU800DFXZA",140,165,100% (ItemAfterColon)
BN94-14503A,"BN94-14503A Samsung Main Board, BN41-02695A, BN97-15506G, UN82RU8000FXZC, UN82RU9000FXZA",250,275,100% (ItemAfterColon)
BN94-15226H,"Samsung Main Board 65"" Q7 Series",115,175,100% (ItemAfterColon)
BN94-15362H,"BN94-15362H Samsung Main Board, BN41-02749A. BN97-16646A, QN75Q90TAFXZA",155,190,100% (ItemAfterColon)
BN94-15495G,Samsung Main Board QN75Q900T,100,300,100% (ItemAfterColon)
BN94-16876G,"Samsung Main Board,BN41-02855A, BN97-18270J,QN55Q80AAFXZA",135,150,100% (ItemAfterColon)
BN94-17345J,Samsung BN94-17345J Main Board for UN55AU8000FXZA (Version FA17),110,160,100% (ItemAfterColon)
BN94-17717Q,"BN94-17717Q Samsung Main Board,BN41-02844D, BN97-19872Z,UN55AU8000FXZA, UN50AU8000FXZA,UN85AU8000FXZA",135,125,100% (ItemAfterColon)
BN95-00542A,"BN95-00542A Samsung T-Con Board,..BN41-01743B, BN97-06126A, 23176G,..UN46D6400UFXZA, UN46D690WFXZA,..UN46D6900WFXZA, UN46D6420UFXZA",65,105,100% (ItemAfterColon)
BN95-01088A,"BN95-01088A Samsung TV Module, T-Con,..BN41-01817A, BN97-07294A,..UN60F7100AFXZA, UN60F7050AFXZA",75,145,100% (ItemAfterColon)
BN95-01310B,Samsung BN95-01310B T-Con Board,50,35,100% (ItemAfterColon)
BN95-01331A,"Samsung BN95-01331A (BN97-07992A, BN41-02112A) T-Con Board for..UN75J630DAFXZA.",90,50,100% (ItemAfterColon)
BN95-01938A,Samsung BN95-01938A T-Con Board,50,20,100% (ItemAfterColon)
BN95-02069A,"BN95-02069A Samsung T-Con, BN97-..09956A, BN41-02291A, BN96-34970A,..UN60JU7090FXZA, UN60JU7100FXZA",85,90,100% (ItemAfterColon)
BN95-02374A,Samsung BN95-02374A T-Con Board,58,35,100% (ItemAfterColon)
BN95-02375A,Samsung T-Con Board,45,50,100% (ItemAfterColon)
BN95-06819A,Samsung T-Con Board QN75Q900T,55,150,100% (ItemAfterColon)
BN96-12172A,Samsung Main Board,65,35,100% (ItemAfterColon)
BN96-12448A,Samsung PN42A410C1DXZA PN42B450B1DXZA ST26 Main Board BN96-12448A,80,90,100% (ItemAfterColon)
BN96-12952A,Y BOARD,117,60,100% (ItemAfterColon)
BN96-15650A,Samsung Main Board for PN50C450B1DXZA,100,40,100% (ItemAfterColon)
BN96-16517A,Samsung BN96-16517A (LJ92-01760A) Y-Main Board,85,115,100% (ItemAfterColon)
BN96-16531A,"BN96-16531A Samsung Main Board LJ92-01775A, LJ41-09448A",100,35,100% (ItemAfterColon)
BN96-20511A,Samsung Y Main Board,100,40,100% (ItemAfterColon)
BN96-21284A,Samsung BN96-21284A (BN41-01608A) Main Board,40,60,100% (ItemAfterColon)
BN96-22090A,Samsung BN96-22090A (LJ92-01880A) X/Y-Main Board,100,115,100% (ItemAfterColon)
BN96-22091A,SAMSUNG BN96-22091A Y-Main Board,150,100,100% (ItemAfterColon)
BN96-22104A,"BN96-22104A Samsung Main Logic CTRL,LJ92-01866A, PN51E490B4FXZA,PN51E550D1FXZA, PN51E6500EFXZA",36,35,100% (ItemAfterColon)
BN96-22107A,Y BOARD,109,140,100% (ItemAfterColon)
BN96-22107A,"BN96-22107A Samsung TV Module, X/Y main, LJ92-01867A, LJ41-10170A, PN51E530A3FXZA, PN51E535A3FXZA",100,140,100% (ItemAfterColon)
BN96-23838L,JOG SWITCH SAMSUNG,34,20,100% (ItemAfterColon)
BN96-25187A,Samsung BN96-25187A Y-Main Board,85,50,100% (ItemAfterColon)
BN96-25256A,Samsung BN96-25256A BN96-25258A (LJ92-01958B) Y-Trio,200,150,100% (ItemAfterColon)
BN96-27252A,"Samsung BN96-27252A (BN97-06998A, BN41-01938B) T-Con..Board",50,25,100% (ItemAfterColon)
BN96-27468A,Samsung LED Strip BN96-33972A 2013SVS32 LM41-00001R BN96-27468A,40,45,100% (ItemAfterColon)
BN96-28766A/BN96-28767A,Samsung BN96-28766A/BN96-28767A Replacement LED Backlight Strips (3),65,80,100% (ItemAfterColon)
BN96-28770A/BN96-28771A Comp,Samsung BN96-28770A/BN96-28771A LED Backlight Strips Complete Kit (8 Strips),100,110,100% (ItemAfterColon)
BN96-28772A/BN96-28773A,Samsung LED Backlight Strips Complete Kit,75,95,100% (ItemAfterColon)
BN96-28772A/BN96-28773A,Samsung BN96-28773A sj0BN96-28773A/BN96-28773A Replacement LED Backlight Strips,25,95,100% (ItemAfterColon)
BN96-28958A,Samsung BN96-28958A (BN41-02069A) T-Con Board,75,35,100% (ItemAfterColon)
BN96-29074A/BN96-29075A Kit,Samsung BN96-29074A/BN96-29075A LED Backlight Strips (12),150,135,100% (ItemAfterColon)
BN96-30097A,Samsung BN96-30097A (LJ92-..02035A) Y-Main for PN43F4500BFXZA../ PN43F4550BFXZA,125,85,100% (ItemAfterColon)
BN96-30147A,"Samsung BN96-30147A (BN41-02132A, BN97-09931A) T-Con Board for UN60J6200AFXZA",75,50,100% (ItemAfterColon)
BN96-30154A,"BN96-30154A Samsung TV Module, T-Con board, BN41-02110A, BN97-..07973B, UN40H6350AFXZA",100,45,100% (ItemAfterColon)
BN96-30391B,Samsung LCD Controller,65,100,100% (ItemAfterColon)
BN96-30425A/BN96-30426A,COMPLETE LED SET UN50H/J****,110,105,100% (ItemAfterColon)
BN96-34795A/BN96-34796A,Samsung BN96-34795A/BN96-34796A LED Backlight Strips,95,100,100% (ItemAfterColon)
BN96-35336A,Power Supply,75,80,100% (ItemAfterColon)
BN96-37296A/BN96-37297A,LED STRIPS (Kit),70,79,100% (ItemAfterColon)
BN96-37774A/BN96-37775A KIT,REPLACEMENT LED KIT UN50J5200  (4 STRIP SETS),92,95,100% (ItemAfterColon)
BN96-38627A,T-Con Board (BN96-38627A),35,40,100% (ItemAfterColon)
BN96-38878A/BN96-38879A,Samsung BN96-38878A/BN96-38879A LED Backlight Strips (8),80,100,100% (ItemAfterColon)
BN96-39667A/BN96-39668A,Samsung BN96-39667A/BN96-39668A LED Backlight Strips (16),138,125,100% (ItemAfterColon)
BN96-44733A,Samsung T Con Board,50,35,100% (ItemAfterColon)
BN96-44814A,Samsung BN96-44814A SEC 65 2X54 3030C LED Backlight Bars (2) UN65MU6290VXZA,150,60,100% (ItemAfterColon)
BN96-45623A,Samsung BN96-45623A Edge Lit LED Strips/Bars (2),140,75,100% (ItemAfterColon)
BN96-45635A,Samsung BN96-45635A Edge Lit LED Backlight Strips (Kit),148,85,100% (ItemAfterColon)
BN96-45913A,Samsung BN96-45913A Edge Lit LED Strips/Bars (2),80,70,100% (ItemAfterColon)
BN96-45952A,LED STRIPS UN50NU6900,124,85,100% (ItemAfterColon)
BN96-45954A,Samsung BN96-45954A Edge Lit LED Strips/Bars,100,75,100% (ItemAfterColon)
BN96-46078A,Samsung BN96-46078A Edge Lit LED Backlight Strips/Bars (3),150,95,100% (ItemAfterColon)
BN96-46866A,Samsung BN96-46866A Edge Lit LED Strips/Bar Kit,125,100,100% (ItemAfterColon)
BN96-49639A,Samsung BN96-49639A Main Board Power Supply UN55NU6900FXZA UN55NU6950FXZA (Ver CA02),90,150,100% (ItemAfterColon)
BN96-50313A/BN96-50314A,"LED STRIPS UN65TU****, QN65Q60TA",135,100,100% (ItemAfterColon)
BN96-52583A,Samsung BN96-52583A BN96-52592A S1A8-850SM0-R0 S1Q7-850SM0-R0 LEDBacklight Bars/Strips,200,160,100% (ItemAfterColon)
BN96-52584A,LED 2 Strips Full Set LM41-01050B,60,75,100% (ItemAfterColon)
BOOMBOX2BLKAM,JBL Boombox 2 Bluetooth Speaker (Black) w/ up to 24-hour Battery,575,525,100% (ItemAfterColon)
BOOMBOX2SQUAD,JBL Boombox 2 Bluetooth Speaker (Squad) w/ up to 24-hour Battery,575,525,100% (ItemAfterColon)
BX-30,"MDF Back Box for LRX85, LR3G, B30G",169,195,100% (MPN)
BZ10WX,"Origin 10"" Marine Grade Grill Round Grille and Zip-Klip™ Tool-less Installation Assembly with Weather-X™ coating...Weather-X Technology..Amazingly Quick..Cutout Diameter : 10 3/8"" (264mm)",69,89,100% (ItemAfterColon)
BZ68WX,Tool-less Bayonet Ring and Round Grille for Director 6.5” and 8” in-ceiling Speakers With Weather-X Coating,75,85,100% (MPN)
Bar 800,JBL Bar 800 5.1.2 Wireless Rear Dolby Atmos Soundbar,850,995,100% (ItemAfterColon)
Bar Remote,JBL Soundbar Replacement Remote,45,39,100% (ItemAfterColon)
Boom Arm 00370800,"Peavey Mic Boom Arm, Black",24.95,29.95,100% (ItemAfterColon)
Boombox Adapter,AC Charger for JBL Boombox/Boombox 2,65,55,100% (ItemAfterColon)
C-2,C Batteries 2-PK,5.95,6.25,100% (ItemAfterColon)
C4-4SF120-WH,Fan Speed Control,295,299,100% (ItemAfterColon)
C4-AGSA10P-WH,Control4 Air Gap Actuator Bar 10/pack (White),28.5,25,100% (ItemAfterColon)
C4-APD120-WH,"Adaptive Phase Dimmer, 120V (White)",265,269,100% (ItemAfterColon)
C4-CA10,"Control4 CA-10 Automation Controller, fault tolerant with Fail-over notifications, Dual power supplies with automatic switch-over, Redundant cooling fans, Dual gigabit Ethernet interfaces.",3995,5125,100% (MPN)
C4-CORE5,Control4® CORE 5 Automation  Controller,3530,3535,100% (MPN)
C4-DCIM4,DRY CONTACT INPUT MODULE 40 V,120,145,100% (ItemAfterColon)
C4-DIN-8APD-E,8-Channel Adaptive Phase Dimmer,1625,1500,100% (MPN)
C4-DIN-TB-8DIM,DIMMER TERMINAL BLOCK,69,95,100% (ItemAfterColon)
C4-DS2BB,Control4 DS2 Door Station Flush Mount Back Box,89,110,100% (ItemAfterColon)
C4-EBDR-WH,Control 4 Engraved Button Decora Rocker (White),11,12,100% (ItemAfterColon)
C4-FP1-C-MB,"Control4® Faceplate, Contemporary, 1 Gang (Midnight Black)",9.75,12.5,100% (MPN)
C4-FP2-C-BI,"Control4® Faceplate, Contemporary, 2 Gang (Biscuit)",12.5,16.95,100% (MPN)
C4-FP2-C-MB,"Control4® Faceplate, Contemporary, 2 Gang (Midnight Black)",12.5,16.95,100% (MPN)
C4-FP2-WH,2 gang face plate WHITE,11.25,14.95,100% (ItemAfterColon)
C4-FP4-WH,4 gang face plate WHITE,18.95,22.95,100% (ItemAfterColon)
C4-KCB-C-BI,C4 Contemporary Wired Keypad -Biscuit,0,245,100% (MPN)
C4-SR260RSK,System Remote Control with Charging Dock,375,425,100% (ItemAfterColon)
C4-T4T8-BL,T4 Series Black 8” Tabletop Touchscreen-C4-T4T8-BL,1230,1475,100% (MPN)
C6PC-2-WHITE,CAT6 2' PATCH CABLE WHITE,4.25,4.95,100% (MPN)
C920e,Logitech C920e 1080p Business Webcam,130,129,100% (MPN)
C930e,Logitech C930e Web Cam (MAC Ready),225,140,100% (MPN)
CAT6A-SH-JACK-WT,CAT6 Shielded Insert-WHITE,8,12,100% (MPN)
CBT1000,JBL CBT1000 Two-Way Line Array Column Loudspeaker with Constant Bandwidth Technology (Black),2725,3295,100% (MPN)
CBT70J,JBL CBT70J-1 High-Power J-Shaped  Column Array Speaker,1335,1625,100% (MPN)
CFR1610-B1,Sanus 10U AV Rack Stackable Open Frame Network,219,295,100% (ItemAfterColon)
CFR1615-B1,"Sanus 26"" Tall AV Rack 15U Stackable Skeleton Rack",240,395,100% (ItemAfterColon)
CFR1620-B1,Sanus 20U AV Stackable Rack Open Frame Network,265,425,100% (ItemAfterColon)
CGS102AII,Yamaha CGS102A II Half Size Classical Guitar,210,225,100% (ItemAfterColon)
CGS103A II,Yamaha CGS103A II 3/4 Scale Classical Guitar,189,239,100% (ItemAfterColon)
CHARGE4BCAM,"JBL Charge 4 Black Camo Bluetooth Speaker - 20Hr Battery, Powerbank, Waterproof",235,189,100% (ItemAfterColon)
CHARGE4BLKAM,"JBL Charge 4 Bluetooth Speaker - 20Hr Battery, Powerbank, IPX7 Waterproof",235,189,100% (ItemAfterColon)
CHARGE4BLUAM,"JBL Charge 4 Blue Bluetooth Speaker - 20Hr Battery, Powerbank, IPX7 Waterproof",235,189,100% (ItemAfterColon)
CHARGE4GRNAM,"JBL Charge 4 Green Bluetooth Speaker - 20Hr Battery, Powerbank, IPX7 Waterproof",235,189,100% (ItemAfterColon)
CHARGE4GRYAM,"JBL Charge 4 Gray Bluetooth Speaker - 20Hr Battery, Powerbank, IPX7 Waterproof",235,189,100% (ItemAfterColon)
CHARGE4PINK,"JBL Charge 4 Pink Bluetooth Speaker - 20Hr Battery, Powerbank, IPX7 Waterproof",235,189,100% (ItemAfterColon)
CHARGE4REDAM,"JBL Charge 4 Bluetooth Speaker - 20Hr Battery, Powerbank, IPX7 Waterproof (Red)",235,189,100% (ItemAfterColon)
CHARGE4SANDAM,"JBL Charge 4 Sand Bluetooth Speaker - 20Hr Battery, Powerbank, IPX7 Waterproof",235,189,100% (ItemAfterColon)
CHARGE4SQUADAM,"JBL Charge 4 Bluetooth Speaker - 20Hr Battery, Powerbank, IPX7 Waterproof (Camo)",235,189,100% (ItemAfterColon)
CHARGE4TEALAM,"JBL Charge 4 Teal Bluetooth Speaker - 20Hr Battery, Powerbank, IPX7 Waterproof",235,189,100% (ItemAfterColon)
CHARGE4WHTAM,"JBL Charge 4 White Bluetooth Speaker - 20Hr Battery, Powerbank, IPX7 Waterproof",235,189,100% (ItemAfterColon)
CHARGE4YELAM,"JBL Charge 4 Yellow Bluetooth Speaker - 20Hr Battery, Powerbank, IPX7 Waterproof",235,189,100% (ItemAfterColon)
CM-232,Serial Communication Module,95,110,100% (MPN)
CM20DTS,4.25” two-way thin edge design ceiling speaker,167,200,100% (MPN)
CM60DTD,6.5” two-way thin edge design ceiling speaker,220,265,100% (MPN)
CMAR5T-W,"5"" two-way built-in marine speaker 8 ohms/50W; 100V/20W",155,180,100% (MPN)
CMP1M,"12"" extender column..Item #: 051CMS012",56,45,100% (ItemAfterColon)
CMS0305,3' to 5' extension tube,195,245,100% (ItemAfterColon)
CP-2,Double Cover Plate -White,20,24.5,100% (MPN)
CR2025,CR2020 Button Cell Battery (Single Battery),3,2.5,100% (ItemAfterColon)
CR2025,Maxell CR2025 Button Cell Battery,2,2.5,100% (ItemAfterColon)
CR2025,Sony CR2025 Button Cell Battery,2,2.5,100% (ItemAfterColon)
CR2025,Duracell CR2025 Button Battery,3,2.5,100% (ItemAfterColon)
CR2032,Maxell CR2032 Button Cell Battery,2,3,100% (ItemAfterColon)
CS-1X2HDMSPL5,"HDMI SPLITTER 1 IN/2 OUT SUPPORTS HDMI 2.0, HDCP 2.2, 18Gbps AND ALL HDR FORMATS",85,99,100% (MPN)
CS-1X4HDSP4KEXT,Metra 1 x 4 HDMI 2.0 Spliter Extender - 4K 60Hz 18Gbps,665,675,100% (ItemAfterColon)
CS-1X8HDSP4KEXT,Metra 1 x 8 HDMI 2.0 Splitter extender - 4K 60Hz 18Gbps,1125,1995,100% (ItemAfterColon)
CS-BAR-T-K9,CS-KIT-K9 - CISCO WEBEX ROOM ?1080P VIDEO CONFERENCING KIT,6015,6049,100% (MPN)
CS-C5RCA,CAT5 to Stereo RCA  Adapter 1pc,15.95,18,100% (ItemAfterColon)
CS-CAM-PTZ4K,LA PAN-TILT-ZOOM 4K 20X CAMERA PERP,9195,13100,100% (MPN)
CS-KIT-MINI-WMK,Room Kit Mini Wall Mount Kit,245,295,100% (MPN)
CS-KITPRO-K9,Cisco Room Kit Pro with Quad Camera,0,29500,100% (MPN)
CS-KITPRO-PTZ4K-K9,"CS-KITPRO-PTZ4K-K9 Cisco Webex Room Kit Pro Collaboration Endpoint, PTZ 4K Camera, GPL",0,27095,100% (MPN)
CS-P188PSRA-1,Ethereal Figure 8 Right Angle 1M Power Cord,5,6.5,100% (ItemAfterColon)
CS-PTZ4K-BRKT,Wall mount bracket for CS-CAM-PTZ4K Camera,0,435,100% (MPN)
CS-PTZ4K-CLNGMNT,Cisco PTZ Camera ceiling Mount,375,560,100% (MPN)
CS-ROOM-USB-K9,"Cisco Webex Room USB Video Conference Unit with Remote, 4K Ultra HD Camera with Integrated Microphone and Speakers",4080,2295,100% (MPN)
CS-VGAHDM,Helios VGA to HDMI Converter,39,50,100% (ItemAfterColon)
CTPV123342334,"Perforated Vinyl Acoustical Ceiling Tile 1"" x 23.75”x 23.75” :..Constructed with 1”, 6-7# density rigid fiberglass board faced..with perforated vinyl (50) Tiles 90-100% Efficiency",12,25,100% (MPN)
CTS-CAM-P60,Cisco TelePresence Precision 60 Camera,12575,0,100% (MPN)
CX3030WH,ChargeWorx Dual USB Type-A & USB Type-C 100W Wall Charger,69,59.95,100% (ItemAfterColon)
CX3062WH,Chargeworx 35W USB Wall Charger with 3ft USB-C to USB-C Cable,49.95,39.95,100% (ItemAfterColon)
CX3097BK,Chargeworx Dual USB Type-C & USB Type-A 38W PD Wall Charger (Black),29.95,24.95,100% (ItemAfterColon)
CX3210SL,Chargeworx Wall Charger with Type C Cable,19.95,18.95,100% (ItemAfterColon)
CX3214BK,Chargeworx 6ft Lightning Cable and 2.4 Dual USB Wall Charger (Black),24.95,28.95,100% (ItemAfterColon)
CX4624WH,Chargeworx 3ft USB-C to Lightning (White),29.95,26.95,100% (ItemAfterColon)
Charge 5 Black,JBL Portable IP67 Waterproof Speaker with Powerbank - up to 20-Hour Battery (Black),235,195,100% (ItemAfterColon)
Charge 5 Blue,JBL Portable IP67 Waterproof Speaker with Powerbank - up to 20-Hour Battery (Blue),235,195,100% (ItemAfterColon)
Charge 5 Gray,JBL Portable IP67 Waterproof Speaker with Powerbank - up to 20-Hour Battery (Gray),235,195,100% (ItemAfterColon)
Charge 5 Green,JBL Portable IP67 Waterproof Speaker with Powerbank - up to 20-Hour Battery (Green),235,195,100% (ItemAfterColon)
Charge 5 Red,JBL Portable IP67 Waterproof Speaker with Powerbank - up to 20-Hour Battery (Red),235,195,100% (ItemAfterColon)
Charge 5 Squad,JBL Portable IP67 Waterproof Speaker with Powerbank - up to 20-Hour Battery (Camo),235,195,100% (ItemAfterColon)
Charge 5 Teal,JBL Portable IP67 Waterproof Speaker with Powerbank - up to 20-Hour Battery (Teal),235,195,100% (ItemAfterColon)
Classic 5,"KRK Powered Studio Monitor with 5"" LF Driver, 1"" HF Driver, Frequency Controls, and Integrated Limiter",229,175,100% (ItemAfterColon)
D105EX,"Origin Acoustics In-Ceiling 10"" 3-Way 6 ohm speaker ***D105 + BZ10WX Marine Grill Cover***",925,1075,100% (ItemAfterColon)
D65EX,"Origin Acoustics In-Ceiling 6"" 3-Way 6 ohm Speaker",305,325,100% (MPN)
D65EX,• Woofer: 6 1/2” IMG Pivoting • Diameter: 9 5/8”(244mm)..• Tweeter: 1” Aluminum Pivoting • Grille Diameter: 10” (254mm)..• Frequency Response: 45Hz-20kHz • Cutout Diameter: 8 3/4”(222mm)..• Power Handling: 25-140 Watts • Mounting Depth: 4 9/16” (116mm,275,325,100% (MPN)
D83EX,• Woofer: 8” IMG • Diameter: 9 5/8” (244mm)..• Tweeter: 1” Aluminum • Grille Diameter: 10” (254mm)..• Frequency Response: 38Hz-20kHz • Cutout Diameter: 8 3/4” (222mm)..• Power Handling: 50-125 Watts • Mounting Depth: 4 1/8” (105mm,345,425,100% (MPN)
D85EX,"Origin Acoustics 8"" In-Ceiling 3-Way 6 ohm Speaker",495,595,100% (ItemAfterColon)
DCV1034,Pioneer Variable Resistor,39.95,20,100% (ItemAfterColon)
DD-200,BOSS DD-200 Digital Delay Pedal,250,369,100% (ItemAfterColon)
DD-RN31,Wall-Mounted Bi-Directional Mic/Line Dante Interface 4 x 4,1195,1440,100% (MPN)
DDJ200,"Pioneer Smart DJ Controller - WeDJ, Rekordbox DJ",275,295,100% (ItemAfterColon)
DDJREV1,Pioneer 2-Channel Serato DJ Controller,559,525,100% (ItemAfterColon)
DDJREV7,Pioneer Scratch-style 2-channel professional DJ controller for Serato DJ Pro,3795,3195,100% (ItemAfterColon)
DHTS216,Denon DHTS218 2.0 Dolby Atmos Soundbar w/ Built-In Subwoofer,325,345,100% (ItemAfterColon)
DHTS316,Denon DHTS316 2.1 Soundbar System with Wireless Sub,429,395,100% (ItemAfterColon)
DMCS60100XX,"Heavy-Duty Rolling TV Stand, Height Adjustable, 60"" - 100"" Screens",995,1350,100% (MPN)
DMS100,AKG VOCAL SET Digital Wireless Mic System,310,325,100% (ItemAfterColon)
DW291H-1BV,Casio Digital Watch - Black/Red Case,59.95,65,100% (ItemAfterColon)
DX24/2-BK,"1 PAIR 24AWG STRANDED, TWISTED, AND SHIELDED CABLE NEC TYPE CM AND CEC YPTE CMG FT4.",505,575,100% (MPN)
Defiance X10,"Paradigm 10” Subwoofer with Patented ART™ Surround, 300W RMS (600W Dynamic Peak), App Control",1200,1295,100% (ItemAfterColon)
Dog Food,Misc Dog Food & Treats,200.5,54,100% (ItemAfterColon)
Doorbell Battery Pro,Ring Battery Doorbell Pro (Wireless),295,375,100% (ItemAfterColon)
E-A-W-16-4,White Volume Control Emitters 4 pack with 4 pack of 16’ Cat-3 Cables,668,789,100% (MPN)
E-X20A,"Roland 61-Key Arranger Keyboard with Velocity, 10-Song Recording",395,350,100% (ItemAfterColon)
E3.5BT,"PreSonus Eris E3.5BT -3.5"" Near Field Studio Monitor (Pair) w/ Bluetooth",235,245,100% (ItemAfterColon)
E758,"75"" Ultra High Definition Commercial Display Series",4200,3950,100% (MPN)
E988,NEC MultiSync E988,0,14500,100% (MPN)
EA-MINI-2D-35,2 Channel Digital Amp 35-Watts,235,349,100% (MPN)
EA-MINI-5.1D-200,Episode® Mini AV Receiver | 5.1 Channel,975,1295,100% (MPN)
EA-MINI-RC,Episode® Remote Control for Digital Mini-Amplifier,15,24,100% (MPN)
EA-MR-COMM-RVC-100,Commercial 70V In-Wall Volume Control,75,79,100% (MPN)
EAP620 HD,Omada WiFi 6 AX1800 Wireless Gigabit Access Point,245,250,100% (ItemAfterColon)
EAY64490601,LG Power Supply,100,225,100% (ItemAfterColon)
EAY64511101,LG Power Supply/LED Driver Board,40,50,100% (ItemAfterColon)
EAY64908601,LG EAY64908601 Power Supply,100,115,100% (ItemAfterColon)
EAY64948701,LG Power Supply / LED Board,50,35,100% (ItemAfterColon)
EBT62885605,"EBT62885605 LG TV Module, main board,..EAX65363904(1.1), EBR78470501,..47LB6300-UQ, 47LB6300-UQ.BUSWLJR",125,135,100% (ItemAfterColon)
EBT63015107,"LG EBT63015107 LG TV Module, main board,EAX65610206(1.0), 62325107, 47LB5800-UG, 47LB5800-UG.BUSWLJR",150,100,100% (ItemAfterColon)
EBT63439827,LG Main Board for 50LF6000-UB.BUSJLOR,55,50,100% (ItemAfterColon)
EBT63706701,"EBT63706701 LG TV Module, main board,EAX65610206(1.0),",115,125,100% (ItemAfterColon)
EBT63746905,"LG Main Board EBT63746905, Board Number(s): EAX65610206(10), Compatible Models: LG 55LF6400UA BUSDLJR",150,125,100% (ItemAfterColon)
EBT63988902,LG CHASSIS ASSEMBLY,800,225,100% (ItemAfterColon)
EBT64243205,"EBT64243205 LG Main Board,..EAX66845306(1.1), 75UH8500-UD,..75UH8500.",275,225,100% (ItemAfterColon)
EBT64458803,LG OLED55C7P Main Board,395,235,100% (ItemAfterColon)
EBT64492804,Main Board for OLED65C7P-U,225,250,100% (ItemAfterColon)
EBT64559801,LG 49LJ5100 Main Board EBT64559801 (EBT64559801),100,120,100% (ItemAfterColon)
EBT65533205,LG EBT65533205 Main Board for 75UK6190PUB.BUSWLOR,125,140,100% (ItemAfterColon)
EBT66161902,LG Main Board for 55UM6910,100,90,100% (ItemAfterColon)
EBU63866304,LG Main Board for 24LH4830,39,40,100% (ItemAfterColon)
EBU64002202,LG Main Board for 43UJ6300,125,85,100% (ItemAfterColon)
ECHODOT4BL,Amazon Echo Dot 4th Generation (Twilight Blue),85,89.95,100% (ItemAfterColon)
EGW431,"19V AC Adapter for JBL XTREME 1, 2 & 3",32,35,100% (ItemAfterColon)
EON612,"JBL Pro 12"" Two-Way Multi-Purpose Powered Speakers 1000W Peak, 500W Continuous",695,650,100% (ItemAfterColon)
EON615,"JBL Pro 15"" Two-Way Multi-Purpose Powered Speakers 1000W Peak, 500W Continuous",735,695,100% (ItemAfterColon)
ER707-M2,mada Multi-Gigabit VPN Router,450,375,100% (MPN)
ES150PBK,"10"" 250W POWERED SUB WOOFER 120V",380,0,100% (ItemAfterColon)
EVID 6.2T,Dual 6-inch two-way surface-mount loudspeaker 70/100v,790,979,100% (ItemAfterColon)
Encore,JBL IPX4 Splash Proof Rechargeable Bluetooth Speaker w/ 2 Wireless Mics,450,445,100% (ItemAfterColon)
Escort 6000,Portable PA System,1295,1299,100% (ItemAfterColon)
F108WH-1A,Casio 30M WR Backlit BLK Digital Watch,35,39,100% (ItemAfterColon)
F108WHC1ACF,WATCH,29,39,100% (ItemAfterColon)
F3,Zoom F3 2-Input Field Recorder,255,425,100% (ItemAfterColon)
F701-CB,Roland F701 Digital Console Home Piano (Black) w/ Stand & Bench,1895,1750,100% (ItemAfterColon)
F91W1CR,Casio Digital Watch,19.95,28.95,100% (ItemAfterColon)
FIRE,Akai Professional Fire FL Studio Controller,0,349,100% (MPN)
FP-NML2P,Network to Mic/Line Interface - Dante Input - 2 Balanced Mic/Line Outputs - with PoE,795,955,100% (MPN)
FP2500,"Luxor FP2500 Adjustable Height TV Stand.Fits 40"" to 60"" screen size TVs..Shelf provides room for television accessories and storage..Simple height adjustment with push buttons in 2"" increments (46.5"" to 62.5"")",535,595,100% (MPN)
FP3500,Luxor Flat Panel Cart w/ rotating mount,725,795,100% (MPN)
FP4000,Luxor FP4000 Adjustable-Height Large-Capacity TV Stand with Webcam Shelf,695,725,100% (MPN)
Fire TV Stick Max,Fire TV Stick Max Streaming Device with Wi-Fi 6,115,95,100% (ItemAfterColon)
Fire TV Unprogrammed,Unprogrammed Fire TV,75,79,100% (ItemAfterColon)
Floodlight Cam Wired Plus B,"Floodlight Cam to protect large outdoor areas like the driveway or backyard with motion-activated LED floodlights, 1080p HD video, and a built-in security siren",335,275,100% (ItemAfterColon)
Floodlight Cam Wired Plus W,"Floodlight Cam to protect large outdoor areas like the driveway or backyard with motion-activated LED floodlights, 1080p HD video, and a built-in security siren",335,275,100% (ItemAfterColon)
G-BONE,Gator G-Bone - 5-pedal Molded Pedal Board with Carry Bag,120,149,100% (ItemAfterColon)
G-TOURDSPUNICNTLB,G-TOUR Universal Fit Road Case for Medium Sized DJ Controllers with Sliding Laptop Platform,395,475,100% (MPN)
GFW-ACPNL1212PCHA-2PK,"Gator 2""-Thick acoustic foam pyramid panels 12""x12"" (2-Pack)",24,29.95,100% (ItemAfterColon)
GFW-ACPNL1212PCHA-4PK,"Gator 2"" Thick Acoustic Foam Panels 12"" x 12"" (4-Pack)",42,49.95,100% (ItemAfterColon)
GFW-ACPNL1212PCHA-8PK,"Gator 2"" Thick 12"" x 12"" Acoustic Pyramid Panels, Charcoal (8-Pack)",75,79.95,100% (ItemAfterColon)
GFW-GTR-HNGRBLK,Gator Wall Mounted Guitar Hanger with Black Mounting Plate,22,24,100% (ItemAfterColon)
GFW-GTR-HNGRSCH,Gator Wall Mounted Guitar Hanger with Satin Chrome Finish,22,24,100% (ItemAfterColon)
GFW-ISOPAD-MD,Gator Studio Monitor Isolation Pads - Medium,40,55,100% (ItemAfterColon)
GFW-KEY-BNCH-1,Frameworks standard black keyboard bench with deluxe seat,79,110,100% (MPN)
GFW-KEYBENCH-WDBK,Gator Wooden Black Bench - No Storage,99,110,100% (ItemAfterColon)
GFW-KEYBENCH-WDBKS,Gator Wooden Black Bench w/ Flip Up Storage,125,135,100% (ItemAfterColon)
GFW-MIC-0010,Frameworks Single Section Boom Arm,39,49,100% (MPN)
GFW-MIC-2020,Frameworks Tripod Mic Stand with Telescoping Boom and Standard Twist Clutch,89,99,100% (MPN)
GFW-MIC-2120,Frameworks Tripod Mic Stand with Telescoping Boom and Deluxe One-Handed Clutch,110,135,100% (MPN)
GFW-MIC-CLIP,Frameworks Standard Microphone Clip,8,9.95,100% (MPN)
GFW-SPK-SUB60,"Frameworks Adjustable Sub Pole with Max Height of 60""",40,45,100% (MPN)
GK-2110,"Gator Cases Gig Bag for Micro Controllers, Keyboards, and Multi-Effects Pedals 23"" x 12.125"" x 3""",85,65,100% (ItemAfterColon)
GS-80411,POWER MANAGEMENT & MONITORING12-fold switched and metered PDU,2755,0,100% (MPN)
GS-U3128GSLBL-R,Gigastone USB 3.0 Flash Drive (128GB),55,39.95,100% (ItemAfterColon)
GS-U332GSLBL-R,Gigastone USB 3.0 FLASH DRIVE (32GB),25.95,22.95,100% (ItemAfterColon)
GS-Z16GCNBL-R,Gigastone 16GB USB 2.0 Flash Drive,16.95,17.95,100% (ItemAfterColon)
GSP0931134- 01,Battery Replacement Compatible with JBL Boombox,125,75,100% (ItemAfterColon)
H65-SM,"6-1/2 Round In-Ceiling with Dual-Directional Soundfield™, 3-driver 2-way, ABS chassis/mounting clamps",145,215,100% (MPN)
H65R,"Paradigm 6.5"" 2-Way In-Ceiling Speaker (EACH)",145,195,100% (ItemAfterColon)
H80R,Paradigm H80-R In-Ceiling Speakers (EACH),199,215,100% (ItemAfterColon)
HCM-1,PTZOptics Small Universal Wall Mount Bracket for Select Cameras,185,55,100% (MPN)
HD200 Pro,Sennheiser Closed Back Over-Ear Professional Monitoring Headphone,105,135,100% (ItemAfterColon)
HDMI-Pigtail,HDMI Extension for Fire TV,12,9.95,100% (ItemAfterColon)
HERO11,"GoPro HERO11 Black - Waterproof Action Camera with 5.3K60 Ultra HD Video, 27MP Photos",449,295,100% (ItemAfterColon)
HMXL/CS,"RX70-CS -HDBaseT™ Receiver, for C66/88CS, HMXL66/88, Slimline",410,469,100% (MPN)
HMXL88ARC,8x8 HDBaseT™ CSC ARC Matrix - 70m,6080,7150,100% (MPN)
HT1604C WT5B,"16/4 CONDUCTOR, STRANDED (65-STRAND), N/S,, WHITE,PVC, 500' PULL BOX (UL) CL2 OR CL3 ""ALL-SOUND"" CABLE",1,0,100% (ItemAfterColon)
HW-LST70T,"Terrace Outdoor 3.0 Ch 210W, Soundbar w/ Mount",295,495,100% (ItemAfterColon)
IB-HDAOCD-080,"Metra Fiber HDMI® Cables with Detachable Headshell - 80 Feet Full 24Gbps support (4K/60, 4:4:4, Deep Color & HDR..Audio Return Channel (ARC/eARC)*..Ethernet over HDMI®..CL3",365,395,100% (ItemAfterColon)
IC-C-VZAA32D984,Samsung IC-C-VZAA32D984A / IC-C-VZAA32D984B LED Backlight Strips (2),40,65,100% (ItemAfterColon)
ICFP26,Sony Portable AM/FM Radio,32,39,100% (ItemAfterColon)
INDOOR CAMERA-BLACK,Ring Indoor Cam - Compact Plug-In camera with Two-way talk -BLACK,110,99,100% (MPN)
INDOOR CAMERA-WHITE,Ring Indoor Cam - Compact Plug-In camera with Two-way talk (White),110,99,100% (MPN)
IP-IKLIP-GO-IN,"iKlip Go compact, stylish selfie stick",59.95,49.95,100% (MPN)
IP-IKLIP-XPAND-IN,iKlip Xpand Tablet Mic Stand Mount,79,59.95,100% (MPN)
IPR-2 2000,"Peavey Digital Power Amplifier Rated Watts 2ch x 2 ohms: 900 watts 1% THD both channels driven @ 1kHz...Rated Watts 2ch x 4 ohms: 570 watts 1% THD / ..Rated Watts 2ch x 8 ohms: 325 watts 1% THD / 300 watts 0.15% THD, both channels driven @ 1kHz.",625,675,100% (ItemAfterColon)
IST-10W,"10"" Intelligent Surfaces Touchpanel - White",1680,1825,100% (ItemAfterColon)
IXGH60N60C3D1,IGBT 600V 75A 380W TO247AD,25,29.95,100% (ItemAfterColon)
JBLPOLE-MA,JBL SPEAKER POLE MOUNT,95,115,100% (ItemAfterColon)
JBLTripod-MA,"JBL TRIPOD MNT STX,PRX,EON,VRX",95,115,100% (ItemAfterColon)
JD-08,Roland Boutique Synthesizer Sound Module,495,550,100% (ItemAfterColon)
JSMCTB50,JamStands Short Mic Stand with Telescoping Boom,39,49,100% (ItemAfterColon)
K245,"AKG Over-ear, open-back, foldable studio headphones",189,159,100% (ItemAfterColon)
K65S30,"Sony K65S30 BRAVIA 3 65"" 4K HDR Google TV",1475,1295,100% (ItemAfterColon)
K701,AKG Reference Class Premium Headphones for Studio Mixing and Hi-Fi Listening,499,395,100% (ItemAfterColon)
K702,AKG Reference studio headphones Item# 2458X00190,425,325,100% (ItemAfterColon)
KA8,"10-210765-22 8"" Countertop/Wall Touchpanel - White",1435,1650,100% (MPN)
KALA-LTP-CC-S,Kala Lean to Play Soprano Color Chord Ukulele,65,69,100% (ItemAfterColon)
KD-10,Roland Kick Pad,225,245,100% (ItemAfterColon)
KITES003,KITES003 RPMAU CMS03 CMS440 Projector ceiling mount kit for 2x2 drop ceiling,395,625,100% (MPN)
KTN-HEAD MK II,Boss Katana KTN-HEAD MK II 100-watt Guitar Amp Head,450,525,100% (ItemAfterColon)
KX4,"K2 Power 46 KX4 18"" Subwoofer",0,1385,100% (MPN)
KXTGC350B,Panasonic Cordless 1 Handset,59,69,100% (ItemAfterColon)
KXTGD510B,Panasonic Black Cordless Phone Single Handset w/ Talking CID,60,69,100% (ItemAfterColon)
KXTGD530M,Panasonic Black Cordless Phone w/ Ans Machine & Talking CID,69,92,100% (ItemAfterColon)
L25CHWS-BB-001,Laird L25CHWS-BB-001 Canare L-2.5CHWS Ultra Slim 12G-SDI Cable BNC Male to Male - 1 Foot,35,26.25,100% (MPN)
LC420DUE-MGA3,LG Replacement LED Backlight Strips Kit,120,100,100% (ItemAfterColon)
LDEED3470JA0N00,KEMET 100V 0.47uF 5% / Film Capacitors,10,15,100% (ItemAfterColon)
LIVE300TWSBLKAM,True wireless in-ear headphones with Smart Ambient,189,150,100% (MPN)
LIVE300TWSBLUAM,TrueTrue wireless in-ear headphones with Smart Ambient,189,150,100% (MPN)
LIVE300TWSPURAM,True wireless in-ear headphones with Smart Ambient,189,150,100% (MPN)
LIVE300TWSWHTAM,True wireless in-ear headphones with Smart Ambient,189,150,100% (MPN)
LJ94-31330E,"LJ94-31330E Samsung TV Module, T-Con..board, 14Y_D1FU13TMGC4LV0.0,..UN40HU6950FXZA.",85,50,100% (ItemAfterColon)
"LO MAX 18"" BW RB","Peavey 18"" LO MAX REPLACEMENT BASKET 00560410",229,400,100% (ItemAfterColon)
LR64BP,Maxell AA 4pk Batteries 723465,3.25,3.5,100% (ItemAfterColon)
LRW200H-7B,CASIO LADIES/WHT BND/WHT FAC COLOR/DATE,39,49,100% (ItemAfterColon)
LSM1U,Large Fusion Micro-Adjustable Fixed Wall Display Mount,240,325,100% (MPN)
LV1,Trim Ring,6.5,4.5,100% (ItemAfterColon)
LV2,LV2 Trim Rings,8.5,5.95,100% (ItemAfterColon)
Laundry Soap,Good Morning Sunshine Laundry Soap (S&D Only),110,42.26,100% (ItemAfterColon)
M26PD-BLK,"Gator 3"" Top Grain Leather Guitar Strap in Black With 1/4"" Foam Wrapped In Black Garment Leather. Ladder Style Adjustment From 37"" to 51""",35,39,100% (ItemAfterColon)
M26PD-DBR_DBR,"Gator 3"" Top Grain Leather Guitar Strap in Dark Brown With 1/4"" Foam Wrapped In Dark Brown Garment Leather. Ladder Style..Adjustment From 37"" to 51"".",35,39,100% (ItemAfterColon)
M8HT-04,"Levy's Leathers Blue 2"" Jacquard Weave Hootenanny Style Guitar Strap",24.95,26.95,100% (ItemAfterColon)
M8HT-12,"Levy's Leather Red 2"" Jacquard Weave Hootenanny Guitar Strap",24.95,26.95,100% (ItemAfterColon)
MASK6CT-WH,"6.5"" design two-way cabinet loudspeaker",230,277,100% (MPN)
MCREFXT612M,"MCREFXT612M	Makita, Reconditioned, 6pc 18V LXT Brushless Combo Kit (Includes: Hammer-Drillwith two speed settings, Impact Driver  with 1,500 in.lbs. of Max Torque, Circular saw with a full 5,000 RPM for faster cutting, Recipro saw with two speed settin...",0,810,100% (ItemAfterColon)
MG3750,Norelco Multigroomer w/ 13 Attachments,34.95,45,100% (ItemAfterColon)
MG5750,Norelco Multigroomer Rechargeable 18-Attachments Face/Head/Body,65,75,100% (ItemAfterColon)
MG7750,"Norelco Multigroom Trimmer - Foil Shaver, 23-Attachments Total",90,105,100% (ItemAfterColon)
MHX-LHDME7,Ethereal 7M/22.97ft 4K HDMI Cable,45,50,100% (ItemAfterColon)
MHX-LHDME7-5,Ethereal 7.5M/24.6ft 4K HDMI Cable,59.95,75,100% (ItemAfterColon)
MHY-T1,1M TOSLINK CABLE,10,12.5,100% (ItemAfterColon)
MIDI-ICON-1-WH,Icon 1-Port Midi Wall Plate with Name Inserts - White,2.75,3.5,100% (ItemAfterColon)
MIDI-ICON-2-WH,Icon 2-Port Midi Wall Plate with Name Inserts - White,2.75,3.5,100% (ItemAfterColon)
MK-T,Kala Makala Tenor Nickel Fret,109,119,100% (ItemAfterColon)
MK270,Logitech Wireless Keyboard and Mouse,45,48,100% (MPN)
MMD3A8M,B&C Speakers Diaphram,155,185,100% (MPN)
MOD-ADF,Peerless Modular Series MOD-ADF,65,68,100% (MPN)
MOD-P150-B,"Extension Poles for Modular Series Flat Panel Display and Projector Mounts 59""",73,80,100% (MPN)
MPCLIVE2XUS,Akai Professional MPC Live II Standalone Sampler and Sequencer,1895,1795,100% (ItemAfterColon)
MPD2-116,"Levy's 2"" Cherry Blossoms & Snow Guitar Strap",27.95,28,100% (ItemAfterColon)
MPD2-117,"Levy's 2"" Tentacles & Waves Motif Polyester Guitar Strap",27.95,29.95,100% (ItemAfterColon)
MPD2-121,"Levy's 2"" Flamingos Motif Polyester Guitar Strap",28.95,29.95,100% (ItemAfterColon)
MRX-540,"7.2 Pre-Amplifier / 5 Amplifier Channel A/V receiver with Dolby Atmos, DTS:X and IMAX Enhanced....",0,2250,100% (MPN)
MRX-740,"MRX-740 11.2 Pre-Amplifier / 7 Amplifier Channel A/V receiver with Dolby Atmos, DTS:X and IMAX Enhanced....",2960,3499,100% (MPN)
MSS2-4-BLK,"Levy’s 4 1/2"" Black Garment Leather Bass Guitar Strap With Padding",75,79,100% (ItemAfterColon)
MXA920W-S,"Shure MXA920W-S 24 inch Ceiling Array Microphone, Square, White",0,7650,100% (MPN)
MXN5W-C,MICROFLEX™ MXN5W-C Networked Loudspeaker,675,825,100% (MPN)
MagniFi 2,Polk MagniFi 2 high-performance home theater sound bar and wireless subwoofer system,650,550,100% (ItemAfterColon)
Magnifi Mini AX,Polk Ultra-Compact Dolby Atmos and DTS:X Sound Bar System,695,549,100% (ItemAfterColon)
Mavic Mini Combo,Drone FlyCam Quadcopter UAV with 2.7K Camera 3-Axis Gimbal GPS 30min Flight Time. Mini Remote Controller 3x Intelligent Flight Battery 3x Pairs of Spare Propellers 2x Micro USB Cable Gimbal Protector RC Cable (Micro USB connector) RC Cable (USB-C conne...,895,799,100% (ItemAfterColon)
MicroStation BT,PreSonus 2.1 Monitor Controller with Bluetooth,219,275,100% (ItemAfterColon)
Monitor SE 2000C,Paradigm Monitor SE 2000C Center Channel Speaker,225,250,100% (MPN)
Monitor SE3000F,"Paradigm 4-driver, 3-way bass reflex, floorstanding tower (Matte Black) - PAIR",330,695,100% (MPN)
NI-E660SR,Steam Iron with U-Shape Circulating Soleplate,63.5,75,100% (ItemAfterColon)
NIM300TV,Panasonic 1800W Steam Iron (Violet),45,49,100% (ItemAfterColon)
NJM4565M,Nisshinbo Dual / Operational Amplifiers - Op Amps,8,4,100% (MPN)
NUC11PAHi7,"Intel NUC NUC11PAHi7 Mini PC/HTPC,Mini Computer,Windows 11,Four-Core i7 - Up to 4.7 GHz Turbo,NVMe SSD DDR4RAM,WiFi 6,BT 5.0 Thunderbolt 3,8K Support,Quadruple Monitor Capable(32GB RAM+1TB)",1775,1280,100% (MPN)
OC200,Omada Hardware Controller,205,179,100% (MPN)
OC300,TP-Link Omada Hardware Controller,410,299,100% (ItemAfterColon)
OF-215-413H,"Open Frame 21.5"", 1920x1080 5m VGA Ln",4365,4210,100% (MPN)
OLED42C2PUA,"LG 42"" 4K 120hz OLED Television",2395,1725,100% (ItemAfterColon)
OLED42C4,LG 42 Inch OLED evo C4 Series 4K TV,1436,1795,100% (ItemAfterColon)
OLED48C3,LG OLED evo C3 48 inch 4K Smart TV 2023..The OLED evo C-series is powered by the a9 AI Processor 4K Gen6 Additional screen sizes perfect for gaming,2295,1795,100% (MPN)
OLED48C3PUA,"LG OLED48C3PUA 48"" OLED Smart 4K TV",2095,1795,100% (ItemAfterColon)
OLED48C4,LG 48 Inch OLED evo C4 Series 4K TV,1750,1950,100% (ItemAfterColon)
OLED55B4,LG 55 Inch OLED B4 Series 4K 120Hz TV,1516,1895,100% (ItemAfterColon)
OLED55C3PUA,"***DISPLAY MODEL*** LG OLED55C3 55"" 120Hz 4K OLED Smart Television",1695,2195,100% (ItemAfterColon)
OLED55C4PUA,LG OLED evo C4 Series 55 Inch 4K TV,2195,2799,100% (ItemAfterColon)
OLED55G4,LG OLED evo G4 Series 55 Inch 4K Smart TV,2396,2995,100% (ItemAfterColon)
OLED65B4,LG 65 Inch OLED B4 Series 4K 120Hz TV,2475,2650,100% (ItemAfterColon)
OLED65C3PUA,"LG 65"" 120Hz 4K OLED Smart Television",3350,2850,100% (ItemAfterColon)
OLED77B4,LG 77 Inch OLED B4 Series 4K 120Hz TV,2680,3350,100% (ItemAfterColon)
OLED77C4PUA,LG OLED evo C4 Series 77 Inch 4K TV,4135,4650,100% (ItemAfterColon)
OLED83C3,LG OLED evo C3 83 inch 4K Smart TV 2023.Brighter picture powered by Brightness Booster*..Additional screen sizes perfect for gaming,7750,6850,100% (MPN)
ONE,Rane Professional DJ Controller,2295,2195,100% (ItemAfterColon)
P024-006,Tripp Lite 6ft 15A Power Cord,19.95,24,100% (ItemAfterColon)
P300-IMX,P300 Intellimix Audio Conferencing Processor,2650,3095,100% (MPN)
P312050,50 FT 3.5 - 3.5 CABLE,16,24,100% (ItemAfterColon)
P8,P8E 8 Port IEC Power Distribution Unit,590,59.95,100% (ItemAfterColon)
PA-2XLRF,XLR(F)-XLR(F) Balanced Adapter,12.95,16.95,100% (ItemAfterColon)
PA-RF14M,1/4 - RCA F Adapter,7.5,9.95,100% (ItemAfterColon)
PALTX14,"Pig Hog XLR(F) to 1/4"" Adapter",24.95,21.95,100% (ItemAfterColon)
PASPK14,"1/4"" Speakon AD",32.95,29,100% (ItemAfterColon)
PATFXMB,TRS F to XLR M Balanced Adapter,13.95,16.95,100% (ItemAfterColon)
PATRS35,TRS F to 3.5mm M Stereo Adapter,5.95,8.95,100% (ItemAfterColon)
PB-8R,Pre-installation Mounting Kit (2 Pack),20.5,49,100% (MPN)
PB-9R,Pre-installation Mounting Kit (2 Pack),20.5,49,100% (MPN)
PBS3403,"Mini 3.5mm Stereo to 3' Dual 1/4"" Mono",12.95,14.95,100% (ItemAfterColon)
PCB-3686-01R,"Sunbrite PCB, Main Board",425,203,100% (MPN)
PCH10RA,"""Rasta Stripes"" Instrument Cable - 10 Ft..CLOSEOUT",15,26.95,100% (ItemAfterColon)
PCM-4,Port Control Module,285,375,100% (MPN)
PD-915R,"PD915R Rackmount Power, 9 Outlet, 15A, Basic Surge",220,235,100% (ItemAfterColon)
PE610,APC 6 Outlet 10 Foot Cord 120V,29.95,35,100% (ItemAfterColon)
PE66,APC 6-Outlet SurgeArrest Surge Protector 6ft Cord (Black),24,28,100% (ItemAfterColon)
PE66W,APC 6-Outlet Surge Protector 6ft Cord (White),24,28,100% (ItemAfterColon)
PE76W,"APC 7-Outlet SurgeArrest® Surge Protector, 6ft Cord (White)",26.95,29.95,100% (ItemAfterColon)
PET10-5232,25 FT RG6 COAX CABLE BLACK,7.5,12.5,100% (ItemAfterColon)
PET20-1005,RCA COUPLER,1,1.75,100% (ItemAfterColon)
PG2AW,PG2AW Small Projector Cage-White,475,579,100% (MPN)
PGA48QTR,"Shure Cardioid Dynamic Vocal Microphone with 1/4"" Cable",65,85.95,100% (ItemAfterColon)
PGA48XLR,Shure Vocal Microphone with XLR-XLR cable,65,85.95,100% (ItemAfterColon)
PGA58QTR,"Shure Cardioid Dynamic Microphone w/ 15ft XLR to 1/4"" Cable",95,115,100% (ItemAfterColon)
PGA58XLR,Shure Cardioid Dynamic Vocal Microphone w/ XLR to XLR Cable,95,115,100% (ItemAfterColon)
PH12U2W,"APC 12-Outlet Surge Protector Power Strip with USB Charging Ports, 2160 Joules, SurgeArrest Home/Office (White)",69.95,75,100% (ItemAfterColon)
PH1RR,"1 Ft 1/4"" Right Angle-1/4"" Right Angle 8mm Inst. Cable",8.5,15,100% (ItemAfterColon)
PH3,"""8mm Inst Cable - 3 Ft -.  1/4"""" - 1/4""""""",12.95,14.25,100% (ItemAfterColon)
PH8U2,"APC 2160 Joule 8-Outlet Surge Protector w/ 2-USB, 6ft Power Cord with Right-Angle Plug",55,65,100% (ItemAfterColon)
PH8U2W,"APC 2160 Joule 8-Outlet Surge Protector w/ 2-USB, 6ft Power Cord with Right-Angle Plug (White)",55,65,100% (ItemAfterColon)
PHSC25,25 Ft (14 Guage Wire) 9.2mm Speaker Cable,36.5,45,100% (ItemAfterColon)
PHSC25S14,"Speakon to 1/4in, 25 ft",36.5,45,100% (ItemAfterColon)
PHSC50S14,"Speakon to 1/4in, 50 ft",65,69,100% (ItemAfterColon)
PKM802,Multi Stream Cable Card for TiVo Units,125,110,100% (ItemAfterColon)
PRX818XLFW,JBL Pro 18” Self-Powered Extended Low-Frequency Subwoofer System with Wi-Fi 1500W,1650,1695,100% (ItemAfterColon)
PS-24AX,"24 Vdc Switching Power Supply, Interchangeable AC Plug, 500 mA, dc Plug",0,51,100% (MPN)
PS-24KX,"24 Vdc Switching Power Supply, Interchangeable AC Plug, 1 A, dc Plug",55,70,100% (MPN)
PS80,"PS80. ARTICULATED TV WALL MOUNT 80"" - 110""",1450,1975,100% (MPN)
PSR-E283,Yamaha PSR-E283 61-Key Portable Keyboard,195,229,100% (ItemAfterColon)
PV10AT,10 INPUT STEREO MIXER DIG EFF/BT/AUTO TUNE,495,535,100% (ItemAfterColon)
PV14AT,Peavey 14-ch Mixing Board with Antares® Auto-Tune® pitch correction and Bluetooth,595,675,100% (ItemAfterColon)
PV14BT,Peavey 14 INPUTS STEREO Bluetooth MIXER 03614200,595,635,100% (ItemAfterColon)
"PVI2 1/4"" 00496570","Peavey 00496570 PVI 2 1/4"" Corded MIC",62.5,69,100% (ItemAfterColon)
PVX10,"Peavey 10"" Passive Speaker (Each)",350,365,100% (ItemAfterColon)
PVX12,"400 watts program, 800 watts peak 12"" 2-way speaker",395,525,100% (ItemAfterColon)
PVX15,"400 watts program, 800 Peak 15"" 2-Way Speaker",449,625,100% (ItemAfterColon)
PVXp 12 Bluetooth,"Peavey 03620470 12"" Powered Speaker with Bluetooth",795,825,100% (ItemAfterColon)
PXT3509,"""9 fT - 3.5MM TRS. -3.5MM TRS""",18.5,15.95,100% (ItemAfterColon)
PXTMXF1,"""10 Ft - TRS(M)-XLR(F). Balanced Cable""",15.95,19.95,100% (ItemAfterColon)
PXTMXF6,Pig Hog 6' TRS(M) to XLR(F) Pro Audio Cable,13.95,19.95,100% (ItemAfterColon)
PYIC10,"10 Ft - TRS (M) 1/4"" Insert Cable",13.5,18,100% (ItemAfterColon)
PYS214M,"PigHog Stereo 1/4"" (M) - Dual Mono 1/4"" (M)",12.95,9.5,100% (ItemAfterColon)
PYS352R,"Stereo 3.5mm(M)-Dual RCA (F) - 6"" Y Cable",12.95,8.95,100% (ItemAfterColon)
Party Mix Live,"Numark DJ Controller with Built in Speakers, Party Lights and DJ Mixer",250,275,100% (ItemAfterColon)
Premier 100B,Paradigm Premier 100B Bookshelf Speaker (Pair),0,375,100% (MPN)
Premier 200B,Paradigm Premier 200B Bookshelf Speakers (Gloss Black) - PAIR,999,975,100% (MPN)
Premier 500C,"1230000052 Black 4-driver, 3-way acoustic suspension center channel",995,850,100% (MPN)
Premier 700F,"1230000030 Black 4-driver, 3-way bass reflex floorstanding",1895,1995,100% (MPN)
Premier J-29 Speaker Stands,Premier J-29 Speaker Stands,525,499,100% (ItemAfterColon)
QIO-S4,Network serial I/O expander for Q-SYS,635,0,100% (MPN)
QLXD124/85-G50,Shure QLXD124/85 Digital Wireless Combo Mic System,1795,2395,100% (MPN)
QM50C,Dynamic Crystal Color UHD Digital Signage,1775,1875,100% (MPN)
QM98T-B,"Samsung QM98T - 98-inch Commercial 4K UHD LED LCD Display, 500 NITQMT-B Digital Signage",21599,17995,100% (MPN)
QM98T-B,"Samsung QM98T - 98-inch Commercial 4K UHD LED LCD Display, 500 NITQMT-B Digital Signage",21599,17995,100% (MPN)
QN42S90D,"Samsung QN42S90D 42"" QD-OLED 144Hz 4K Smart TV",1400,1750,100% (ItemAfterColon)
QN43LS03B,"Samsung 43"" 4K Smart Frame TV",1450,1395,100% (ItemAfterColon)
QN43LS03D,"Samsung QN43LS03D 43"" The Frame QLED 4K Smart TV",1036,1295,100% (MPN)
QN43Q60C,"Samsung 43"" 4K QLED Smart TV",975,825,100% (ItemAfterColon)
QN50LS03B,"Samsung QN50LS03B 50"" ""The Frame"" 4K QLED Smart TV",1795,1595,100% (ItemAfterColon)
QN50LS03D,"Samsung QN50LS03D 50"" The Frame QLED 4K Smart TV",1276,1595,100% (ItemAfterColon)
QN50Q60C,"Samsung 50"" 4K QLED Smart TV",1150,995,100% (ItemAfterColon)
QN50Q80C,"Samsung 50"" 4K QLED Smart LED TV",1595,1425,100% (ItemAfterColon)
QN50Q80D,"Samsung QN50Q80D 120Hz 50"" Smart QLED 4K UHD TV",1395,1295,100% (MPN)
QN50QN90D,"Samsung QN50QN90D 50"" Neo QLED 4K Smart TV",1580,1975,100% (ItemAfterColon)
QN55LS03D,"Samsung 55"" Class The Frame QLED 4K Smart TV LS03D",1380,1725,100% (ItemAfterColon)
QN55Q60C,"Samsung 55"" 4K QLED Smart TV",1395,1225,100% (ItemAfterColon)
QN55Q60D,"Samsung QN55Q60D 55"" Smart QLED 4K UHD TV",1075,995,100% (ItemAfterColon)
QN55Q7F,"Samsung QN55Q7F 55"" Smart QLED 4K UHD TV",949,925,100% (ItemAfterColon)
QN55Q80C,"Samsung 55"" 4K 120Hz Direct Full Array LED TV",1899,1595,100% (ItemAfterColon)
QN55QN85C,"Samsung QN55QN85C 55"" Neo QLED 4K Smart TV",2195,1795,100% (ItemAfterColon)
QN55QN85C,"Samsung 55"" 4K 120Hz Full Array NEO LED TV",2195,1795,100% (ItemAfterColon)
QN55S85D,"Samsung 55"" OLED S85D 4K Smart 120Hz TV",1836,2295,100% (ItemAfterColon)
QN55S90C,"***DISPLAY MODEL*** Samsung QN55S90C 55"" 4K 120Hz QD-OLED TV",1695,2350,100% (ItemAfterColon)
QN65LS03B,"Samsung 65"" 4K Smart QLED Frame TV",2495,2699,100% (ItemAfterColon)
QN65LS03D,"Samsung 65"" Class The Frame QLED 4K Smart TV LS03D",2450,2350,100% (ItemAfterColon)
QN65Q60C,"Samsung 65"" 4K QLED Smart TV",1750,1295,100% (ItemAfterColon)
QN65Q80C,"Samsung 65"" 4K 120Hz Direct Full Array LED TV",2375,1795,100% (ItemAfterColon)
QN65Q80D,"Samsung QN65Q80D 120Hz 65"" Smart QLED 4K UHD TV",1850,1795,100% (ItemAfterColon)
QN65QN85C,"Samsung 65"" 4K 120Hz Full Array NEO LED TV",2995,2295,100% (ItemAfterColon)
QN65QN85D,SAMSUNG QN65QN85D 65 Inch Neo 4K UHD QLED HDR Smart TV,2250,2095,100% (ItemAfterColon)
QN65S90C,"Samsung 65"" 4K 120Hz Q-OLED TV",3935,2650,100% (ItemAfterColon)
QN65S95C,"Samsung 65"" 4K 120Hz OLED TV",4875,3795,100% (ItemAfterColon)
QN70Q60C,"Samsung 70"" 4K QLED Smart TV",2095,1675,100% (ItemAfterColon)
QN70Q60C,"Samsung QN70Q60C 70"" 4K Smart QLED TV",2095,1675,100% (ItemAfterColon)
QN75LS03B,"Samsung 75"" 4K Smart Frame TV",4175,3450,100% (ItemAfterColon)
QN75LS03D,"Samsung 75"" Class The Frame QLED 4K Smart TV LS03D",2600,3250,100% (ItemAfterColon)
QN75Q60C,"Samsung 75"" 4K Smart QLED TV",2175,1895,100% (ItemAfterColon)
QN75Q80C,"Samsung 75"" 4K 120Hz Direct Full Array LED TV",3495,2295,100% (ItemAfterColon)
QN75QN90C,"Samsung 75"" NEO 120Hz Full-Array QLED TV",4095,3695,100% (ItemAfterColon)
QN75QN90D,"Samsung 75"" Class Neo QLED 4K Smart TV QN90D",4395,3595,100% (MPN)
QN77S90C,"Samsung 77"" 4K 120Hz Q-OLED TV",4295,4150,100% (MPN)
QN83S90D,"Samsung 83"" Class QD-OLED 4K Smart TV S90D",4796,5995,100% (MPN)
QN85LS03D,"Samsung 85"" Class The Frame QLED 4K Smart TV LS03D",3596,4495,100% (ItemAfterColon)
QN85Q80C,"85-Inch Class QLED 4K Q80C Series Quantum HDR+, Dolby Atmos Object Tracking Sound Lite, Direct Full Array, Q-Symphony 3.0, Gaming Hub, Smart TV",4150,3195,100% (MPN)
QN85QN90C,"Samsung 85"" 4K 120Hz NEO LED TV",5095,4495,100% (ItemAfterColon)
QN98Q80C,"98"" 4K 120Hz Direct Full Array LED TV",8895,6295,100% (MPN)
QP2630,Norleco Electric Trimmer/Shaver,85,89,100% (ItemAfterColon)
QT X RMT-KT,Qt X Controller Rack Mount Kit,95,106.5,100% (MPN)
QT x 300,"0078-900 Qt X Controller, 3 Qt Outputs",3400,4010,100% (ItemAfterColon)
Quantum 300,JBL Wired Over Ear Gaming Headset,99,95,100% (ItemAfterColon)
Quantum 600,JBL Wireless Over Ear Gaming Headset w/ game-chat balance dial,249,180,100% (ItemAfterColon)
Quantum 800,JBL Wireless Over Ear Gaming Headset,299,225,100% (ItemAfterColon)
RBN110,"Peavey RBN110 10"" 1050W Powered 2-Way Speaker (each)",595,1095,100% (ItemAfterColon)
RBN112,"Peavey RBN112 12"" 1500W Powered 2-Way Speaker (each)",795,1395,100% (ItemAfterColon)
RC-1UR,19” Universal Rack Chassis,250,300,100% (MPN)
RC-505MK2,BOSS 5-Track Tabletop Loop Station with Input FX,995,895,100% (ItemAfterColon)
RC205,Dual Wake AM/FM Clock Radio,24.95,27.95,100% (ItemAfterColon)
RC207,CLOCK RADIO USB CHARGING,29.95,39.95,100% (ItemAfterColon)
RCC-10-RCXM,Roland 10ft/3M RCA M to XLRM Cable,19.95,21.95,100% (ItemAfterColon)
RCC-5-RCXF,Roland 5ft/1.5m RCA M to XLRF Cable,16.95,19.95,100% (ItemAfterColon)
RECITALPROXUS,Alesis Recital Pro 88-key Hammer-action Digital Piano,575,595,100% (ItemAfterColon)
REDLC125,"Red Atom 37-80"" Large Full-Motion Wall Mount",325,299,100% (ItemAfterColon)
REDSC35,"Red Atom 15""–37"" Full-Motion Wall Mount",125,129,100% (MPN)
REDSR14,Red Atom 14U Skeleton Rack..Stackable..Wall mountable..Includes hardware..20.48 x 20.05 x 24.5 in.,375,469,100% (ItemAfterColon)
REFFLOWBLKAM,JBL REFLECT FLOW True wireless sport headphones (Black),149.95,189,100% (ItemAfterColon)
REFFLOWBLUAM,JBL REFLECT FLOW True Wireless Sport Headphones (Blue),149.95,189,100% (ItemAfterColon)
REFFLOWGRNAM,JBL REFLECT FLOW True wireless sport headphones (Green),149.95,189,100% (ItemAfterColon)
REFFLOWTELAM,JBL Truly Wireless Sports In-Ear Headphones (Teal),149.95,189,100% (ItemAfterColon)
RH-5,Roland Closed Back Stereo Headphones,55,59.95,100% (ItemAfterColon)
RI-GTRAU,Rok-It Universal A Frame Guitar Stand to Hold Electric or Acoustic guitars.,22,25,100% (MPN)
RI-MICRB10,Rok-It Tubular Microphone Stand with 10” Round Base and Easy-Twist Clutch Height Adjustment.,39.95,45,100% (MPN)
RI-MICTP-FBM,Rok-It Tubular Microphone Stand with Fixed Boom Included. Tripod Design for Compact Storage and Easy-Twist Height Adjustment.,39.95,45,100% (MPN)
RI-SPKRSTDSET,"Rok-It Set of Two (2) Tripod Base Speaker Stands with Adjustable Height Twist Knob, Safety Pins and Rubber Feet. Includes Carry Bag.",115,125,100% (MPN)
RKM-1+,9 Button Single Gang In-wall Multi-room LED Keypad,195,225,100% (MPN)
RLN16-410,16-Channel PoE NVR,690,695,100% (MPN)
RM-4VIP2,RM-4VIP2 Rack Mount Kit,175,185,100% (MPN)
RM-AMU171,Sony Replacement Remote CMT-SBT100 AK59-00177B,50,25,100% (ItemAfterColon)
RMF-TX500U,Sony RF OEM Remote Control,90,65,100% (ItemAfterColon)
ROAM-BLK,"Sonos Roam Portable Waterproof Smart Speaker, BLACK",310,279,100% (MPN)
ROAM-WHT,"Sonos Roam Portable Waterproof Smart Speaker, WHITE",310,279,100% (MPN)
ROKIT7G4,"KRK ROKIT 7"" Powered Studio Monitor",395,350,100% (ItemAfterColon)
RP7G4,"KRK ROKIT 7 G4 7"" Powered Monitor Speaker (Ea)",395,350,100% (MPN)
RSHA-SONOS-AMP6,"Middle Atlantic Custom Shelf (5 RU, 6 Sonos, Anodized) RSHA-SONOS-AMP6",0,335,100% (MPN)
RU-NL4,Network to Line Level Interface - Dante Input - 4 Balanced Line Outputs,810,980,100% (MPN)
RX22N 03617300,Peavey Diaphragm Kit,89,99,100% (ItemAfterColon)
Ranger 2311,Icron 2311 USB 2.0 Ranger 2311 Single Port CAT 5e-6-7 100m Extender,710,775,100% (MPN)
S1211,Norelco Mens Cordless Shaver 2300 - 40 Minutes of Cordless Shaving on an 8-Hour Charge,79,92,100% (ItemAfterColon)
S16,Behringer Digital Snake,1625,1030.7,100% (ItemAfterColon)
S3212,Norelco Men's Wet Dry Shaver w/ 5D Pivot Flex Heads and 60-Minute Charge,115,135,100% (ItemAfterColon)
SB-AW-SNDBR-S-B, All Weather 2-Channel Passive Soundbar for TV's 43 wide and larger,665,775,100% (MPN)
SB-DC-55-GRY,"Sunbrite Universal Outdoor TV Dust Cover - 55""",195,285,100% (MPN)
SB-SP557,"SunBriteTV All-Weather Detachable Sound bar Speaker for 47"" - 65"" Signature | Pro | Marquee Series Televisions",250,295,100% (MPN)
SB-V3-65-4KHDR-BL,"65"" Veranda 3 Series weatherproof outdoor LED 4K UHD TV with HDR",0,5695,100% (MPN)
SB-WM-ART1-M-BL,SunBrite Single Arm Articulating Mount for 26-65 in. Medium Displays (Black),485,510,100% (MPN)
SB-WM-ART2-L-BL,SunBrite Dual Arm Articulating Mount for 37-80 in. Large Displays (Black),539,575,100% (MPN)
SBC200,Shure Dual Docking Charger,275,395,100% (MPN)
SBWD960A-INT,ScreenBeam 960 Wireless Display Receiver,545,850,100% (MPN)
SD64GB,Micro SD Card 64GB Memory Card with Adapter,37.95,49.95,100% (ItemAfterColon)
SG3428MP,JetStream 28-Port Gigabit L2+ Managed Switch with 24-Port PoE+,755,795,100% (MPN)
SH-01,Roland 37-Key GAIA Synthesizer w/ 64-Voice Polyphony,995,895,100% (ItemAfterColon)
SLQUD-8N-P,"SLQUD-8N-P QSC Q-SYS Core 8 Flex, Core Nano and NV-32H UCI Deployment Software License, Perpetual",325,235,100% (MPN)
SM57LC,Shure Dynamic Instrument Microphone (no cord),165,175,100% (ItemAfterColon)
SM58LC,Shure SM58 Dynamic Vocal Mic,169,179,100% (ItemAfterColon)
SP224,"Pair Speaker Stands, 24-Inch, Black",130,149,100% (ItemAfterColon)
SPA-200,QSC SPA2-200 2-Channel Power Amplifier (200W) 4 and 8 Ohms + 70/100V Operation,1185,0,100% (MPN)
SPH-01P,"Single-Panel Housing, wall-mountable, holds 1 CCH connector panel",120,129,100% (ItemAfterColon)
SR18,Alesis Portable Drum Machine with Effects,385,329,100% (ItemAfterColon)
STGB19NC60KDT4,STMicroelectronics 20 A - 600 V - short / IGBT Transistors,15,20,100% (ItemAfterColon)
STICK UP CAM BATTERY- WHITE,"Ring Stick Up Cam - Battery, White",175,295,100% (MPN)
SVH550FA1,Hisense SVH550FA1 LED Backlight Strips (4),100,80,100% (ItemAfterColon)
Samsung Soundbar RC,Replacement Remote Control for Samsung HW-N450 HW-R450 HW-N550 HW-N650 HW-NM65C Soundbar,25,29.95,100% (ItemAfterColon)
Sg350-28P,Cisco 28-Port Gigabit PoE Managed Switch,1395,1185,100% (ItemAfterColon)
Skque,"Security Wall Mount Bracket Case for Apple TV 2/3 Airport Express, Clear",25,0,100% (ItemAfterColon)
Stick Up Cam ELITE - Black,"Ring Stick Up Cam Elite - POE HD Camera with Two-way talk, Night Vision (Black)",350,295,100% (ItemAfterColon)
Stick Up Cam ELITE - White,"Ring Stick Up Cam Elite - POE HD Camera with Two-way talk, Night Vision (White)",350,295,100% (ItemAfterColon)
T200,"Motorola 2-Way Radio 2-Pk, Up to 20-Mile Range",79,89,100% (ItemAfterColon)
T260,"Motorola 2-Way Radio, up to 25-Mile Range",89,99,100% (ItemAfterColon)
T402,"Motorola 2-Way Radio, 2 Belt Clips, up to 35-Mile range",115,129,100% (ItemAfterColon)
T720BTPURAM,Tune 720BT Wireless Over Ear Headphones with Mic,75,99,100% (ItemAfterColon)
TAP,"Meeting room touch controller for video conferencing services, including Google Meet™, Microsoft Teams® Rooms, and Zoom Rooms™.",1525,1675,100% (ItemAfterColon)
TB-03,Roland TB-03 Boutique Series Bass Line Synthesizer,450,499,100% (ItemAfterColon)
TBHDDJSB3LT,DEEJAYLED Case for Pioneer DDJSB3 w. Laptop Shelf,350,395,100% (ItemAfterColon)
TBHRCA20,20ft Stereo RCA,15.95,16.95,100% (ItemAfterColon)
TD-1DMK,Roland TD-1DMK Dual-Mesh V-Drums Set,1099,999,100% (ItemAfterColon)
TEC-X1000,"White, Touch-enabled control pad with knob, white",680,820,100% (MPN)
TL-SG1016PE,16-Port Easy Smart Gigabit Switch,280,310,100% (MPN)
TL-SG3428,"TP-Link 24 Port L2+ Smart Managed Gigabit Switch, 4 SFP Slots",389,415,100% (ItemAfterColon)
TLP74RB,Tripp Lite 7-Outlet Surge Protector,32,45,100% (ItemAfterColon)
TLP76MSGB,"Tripplite ECOSurge™ 7-Outlet Surge Protector with 6 Individually Controlled Outlets, 6ft Cord Black",49,79.95,100% (ItemAfterColon)
TNPH0716ABS,Panasonic TNPH0716ABS Main Board,180,200,100% (ItemAfterColon)
TP210R,RCA 7ft Phone Line Cord,3.95,7.95,100% (ItemAfterColon)
TP243WHR,RCA 25ft Phone Line Cord White,8.95,9.95,100% (ItemAfterColon)
TP282R,RCA 25FT TELEPHONE COIL CORD,5,10,100% (ItemAfterColon)
TR-6S,Roland TR-6S Compact Drum Machine,455,545,100% (ItemAfterColon)
TR-8S,Roland TR-8S Rhythm Performer Drum Machine with Sample Support,845,995,100% (ItemAfterColon)
TS-PAMP4-100,4-Zone/8-Channel Power Amplifier 100WPC,1225,1220,100% (MPN)
TS308,"Alto Professional Truesonic TS308 8"" 2-Way 2000W Powered Loudspeaker",395,449,100% (MPN)
TS408XUS,"Alto Professional TS408 - 2000W 8"" Powered PA Speaker",425,395,100% (ItemAfterColon)
TS410XUS,"Alto Professional TS410 - 2000W 10"" Powered Speaker",489,469,100% (ItemAfterColon)
TVFT665,Universal Flat/Tilt Wall Mount,0,55,100% (MPN)
TXN/A10QBMS,Panasonic TXN/A10QBMS A Board/Main Board for TC-L42D2,75,200,100% (MPN)
TXNTC10QBMM,Panasonic TXNTC10QBMM LCD Controller TNPA5195DD TNPA5195 DD,40,65,100% (MPN)
TesiraFORTÉ DAN AI,"Fixed I/O DSP with 12 analog inputs, 8 analog outputs, 8 channels configurable USB audio, and 32 x 32 channels of Dante",3875,4660,100% (MPN)
Traveler3USB,Tripplite 3-Outlet Surge Protector w/ 2 USB,39.95,55,100% (ItemAfterColon)
Tune 205 Black,Earbud headphones,0,55,100% (MPN)
Tune 205 Champagne Gold,Earbud headphones,0,55,100% (MPN)
Tune 205 Chrome,Earbud headphones..,0,55,100% (MPN)
Tune 760NC White,JBL Over Ear Noise Cancelling Headphones (White) - up to 50-hours battery life,169,198,100% (ItemAfterColon)
Tune205 Black,JBL Wired Earbud Headphones (Black),55,29,100% (ItemAfterColon)
Tune205 Chrome,JBL Wired Earbud Headphones (Chrome),55,29,100% (ItemAfterColon)
Tune205 Rose Gold,JBL Wired Earbud Headphones (Rose Gold),55,29,100% (ItemAfterColon)
U024-006,6 FT USB EXTENSION USB CABLE,7.95,9.95,100% (ItemAfterColon)
U024-010,Tripp Lite 10ft A-Male to A-Female USB 2.0 Extension,9.95,15,100% (ItemAfterColon)
U3,3 U Utility Shelf,85,115,100% (MPN)
U428003,"Tripplite USB-C™ Male to USB-A Male 3.1 Cable, 3ft",18.95,24.95,100% (ItemAfterColon)
UBER MIC,Uber Mic Professional USB Mic with Headphone Output,185,195,100% (MPN)
UN43CU7000,"Samsung 43"" 4K Crystal Smart LED TV w/ 3 HDMI",650,535,100% (ItemAfterColon)
UN43CU8000,"Samsung 43"" 4K Crystal Smart LED TV w/ 3 HDMI",775,625,100% (ItemAfterColon)
UN43DU8000,"Samsung UN43DU8000 43"" 4K HDR Smart TV",580,725,100% (ItemAfterColon)
UN50CU7000,"Samsung 50"" 4K Crystal Smart LED TV w/ 3 HDMI",750,650,100% (ItemAfterColon)
UN50CU8000,"Samsung 50"" 4K Crystal Smart LED TV w/ 3 HDMI",875,795,100% (ItemAfterColon)
UN55CU7000,"Samsung 55"" 4K Crystal Smart LED TV w/ 3 HDMI",850,695,100% (ItemAfterColon)
UN55CU8000,"Samsung 55"" 4K Crystal Smart LED TV w/ 3 HDMI",1025,895,100% (ItemAfterColon)
UN58CU7000,UN58CU7000,1050,795,100% (MPN)
UN65CU7000,"Samsung 65"" 4K Crystal Smart  LED TV w/ 3 HDMI",1050,850,100% (ItemAfterColon)
UN65CU8000,"Samsung 65"" 4K Crystal Smart LED TV w/ 3 HDMI",1275,1195,100% (ItemAfterColon)
UN75CU7000,"Samsung 75"" 4K Crystal Smart LED TV w/ 3 HDMI",1495,1295,100% (ItemAfterColon)
UN75CU8000,"Samsung 75"" 4K Crystal Smart LED TV w/ 3 HDMI",1925,1695,100% (ItemAfterColon)
UN75DU7200,"***Display Model*** Samsung UN75DU7200 75"" 4K Smart LED TV",1076,1195,100% (ItemAfterColon)
UN85CU8000,"Samsung 85"" 4K Crystal Series Smart LED TV",3095,2595,100% (ItemAfterColon)
UN85DU7200,"Samsung UN85DU7200 85"" 4K Smart LED TV",1436,1795,100% (ItemAfterColon)
UN85DU8000,Samsung UN85DU8000 85-Inch 4K HDR Smart TV,2450,2295,100% (ItemAfterColon)
UN98DU9000,UN98DU9000,5895,4295,100% (MPN)
UQFP-4D,Middle Atlantic UQFP-4D Ultra Quiet Four-Fan Panel with Display,1090,0,100% (MPN)
US-16-150W,Managed PoE+ Gigabit Switch with SFP 16 port,0,525,100% (ItemAfterColon)
VE-20,Boss VE-20 Vocal Performer - Stompbox for Vocalists,429,529,100% (ItemAfterColon)
VF3012,Sanus 2-Tier Wall Mount Shelf,99,125,100% (MPN)
VG-SOCR15/ZA,Samsung VG-SOCR15/ZA 49 ft. Invisible Optical Cable,575,425,100% (ItemAfterColon)
VGSCFA43BE,"Samsung Accessory Frame for..43"" LS Frame TV for Frame TV",145,155,100% (ItemAfterColon)
VGSCFA43TK,Accessory frame for the 43LS03A Frame tv (Teak),145,155,100% (MPN)
VGSCFA50TK,"Samsung 50"" Teak frame for Frame TV (2021-22)",225,229,100% (ItemAfterColon)
VGSCFA50WT,"Samsung 50"" White frame for A-series Frame TV (2021-22)",240,245,100% (ItemAfterColon)
VGSCFA55BE,"Samsung 55"" Beige Accessory Frame for Frame TV",225,229,100% (ItemAfterColon)
VGSCFA55TK,"SAMSUNG VGSCFA55TK Accessory Frame for 55"" LS Frame TV for 2021 Frame TV (Teak)",219,229,100% (ItemAfterColon)
VGSCFA65WT,"Samsung Accessory Frame for..65"" LS Frame TV for 2021 Frame TV - (white)",289,299,100% (ItemAfterColon)
VH84R,6 FT AUDIO/VIDEO CABLE,9,12.95,100% (ItemAfterColon)
VIP-UHD-CTR,VIP-UHD-CTRL  Controller Video over IP Control Module,460,485,100% (MPN)
VIP-UHD-CTRL,Video over IP Control Module,485,510,100% (MPN)
VIP-UHD-RX,4K Video over IP Receiver,865,925,100% (MPN)
VIP-UHD-TX,4K Video over Transmitter,865,925,100% (MPN)
VRX70-18G,10-210820-14 70M 4K60 4:4:4 HDBaseT Receiver,375,395,100% (MPN)
VSS-51,"5 x 1 HDBaseT Presentation Scaler Switcher Kit • High-definition, multi-format 5x1 presentation switcher...• Includes VSW-51R HDBaseT Receiver...• Built-in scaler upscales input resolution to up to 1920x1200 output resolution...• Auto-switching, Quick ...",1505,1495,100% (MPN)
VX88-18G,"8 x 8 4K HDBaseT™ Matrix Switcher VX88-18G (1), Rack Mounting Kit (1), Remote Control (1), IR Emitters (8), IR Receivers (9), RS-232 Control Cable (1), IR Control Cable - 3.5mm-3.5mm Cable (1), Power Cable (1)",3230,3350,100% (MPN)
VXF730-B2,SANUS Advanced Full-Motion Premium TV Mount for 46” to 95” TVs,449,525,100% (MPN)
Video Doorbell Plus,Video Doorbell Plus,250,225,100% (MPN)
W217H-3BV,"Casio Camp Bezel Chronograph Watch, Black Resin Band, Alarm, Illuminator",35,39,100% (ItemAfterColon)
W218H-1AVCF,"CASIO 50M WR DIGITAL WATCH, BLACK",35,39,100% (ItemAfterColon)
W218H-3AVCF,"CASIO 50M WR DIGITAL WATCH, GREEN",35,39,100% (ItemAfterColon)
W87H-1V,Casio W87H-1V Sports Wrist Watch (Black),39,45,100% (ItemAfterColon)
WA-2200,802.11AC 2x2 Wave 2 Access Point with BakPak Lite,569,605,100% (MPN)
WAVE MUSIC REMOTE,BOSE WAVE MUSIC REMOTE,0,20,100% (ItemAfterColon)
WF1000XM4B,"Sony Noise Canceling Truly Wireless Earbud Headphones with Alexa Built-in, Black",495,425,100% (ItemAfterColon)
WIRELESSMICAM,JBL Wireless Microphone Pair,129,135,100% (ItemAfterColon)
WK-2,"""Enterprise-class, Dual Band Concurrent Ultra High Range & Throughput Wireless-AC Access Point..•  802.11 a/b/g/n/ac..•  802.3at compliant PoE (PoE+)            ..•  3x3 MIMO..•  Multi-SSID, VLAN""..",880,760,100% (MPN)
WMF-8U,"8U Wall Mount Open Frame Cabinet, 18"" Depth - Black",1,155,100% (MPN)
WMS420 Vocal Set Band A HH,AKG WMS420 UHF Wireless Handheld Microphone System,350.5,350,100% (ItemAfterColon)
Wii2HDMI,Original Wii adapter to HDMI,25,29.95,100% (ItemAfterColon)
X32,Behringer 40-Channel Digital Mixer,4699,4199,100% (ItemAfterColon)
XC55XC9000,"Skyworth 55XC9000 55"" 4K OLED TV ***DEMO MODEL***",1895,1195,100% (MPN)
XLTOPEN175P,"Red Atom Large Tilting Wall Mount 37""-90""",95,120,100% (ItemAfterColon)
XP-6s,RTI System Controller,995,1095,100% (ItemAfterColon)
XP-8V,RTI 3rd Generation High End Remote Control Processor,2450,2875,100% (ItemAfterColon)
XR48A90K,"Sony Bravia Master Series 48"" 4K OLED TV",2495,2000,100% (ItemAfterColon)
XR77A95L,"77"" OLED TV",6635,7795,100% (MPN)
XT550GN,"5.25"" 2-way Outdoor Speaker System in Green",640,770,100% (MPN)
Xtreme3 Black,"JBL Portable Bluetooth Speaker - IP67 Waterproof, 15 Hours of Playtime, powerbank, JBL PartyBoost",439,375,100% (ItemAfterColon)
Xtreme3 Blue,"JBL Portable Bluetooth Speaker - IP67 Waterproof, 15 Hours of Playtime, powerbank, JBL PartyBoost",439,375,100% (ItemAfterColon)
YDP-145B,Yamaha Arius YDP145 Digital Console Piano with Bench,1999,2175,100% (ItemAfterColon)
YMSRC20ABL,"Yamaha, Compact SoundBar W/Built-in Subwoofer",250,275,100% (MPN)
Yard Sign,Solar Security Sign,75,89.95,100% (MPN)
eero 6 POE,eero Wall/Ceiling PoE 6 Dual Band Wi-Fi 6 Extender,315,275,100% (ItemAfterColon)
eero Genie,"eero Wall Mount Outlet Holder Stand for eero 6+, eero 6, and Mesh Wi-Fi",25,35,100% (ItemAfterColon)
eero Pro 6E,"eero Pro 6E mesh Wi-Fi router | Fast and reliable gigabit + speeds | connect 100+ devices | Coverage up to 2,000 sq. ft.",299,250,100% (ItemAfterColon)
uCube85MKII,DJ Tech Wireless PA System,295,350,100% (ItemAfterColon)
